detector, pixel,offset, slope, E4keV,E5keV,E6keV,E7keV,E8keV,E9keV,E10keV,E11keV,E12keV,E13keV,E14keV,E15keV,E16keV,E18keV,E20keV,E22keV,E25keV,E28keV,E32keV,E36keV,E40keV,E45keV,E50keV,E56keV,E63keV,E70keV,E76keV,E84keV,E100keV,E120keV,E150keV
0,0,305.17637892639493,2.2942103512906336,1257,1266,1275,1284,1294,1303,1312,1321,1330,1340,1349,1358,1367,1385,1404,1422,1450,1477,1514,1551,1587,1633,1679,1734,1798,1863,1918,1991,2138,2321,2597
0,1,322.3652569932911,2.290349764762714,1326,1335,1344,1353,1362,1371,1381,1390,1399,1408,1417,1426,1436,1454,1472,1491,1518,1545,1582,1619,1655,1701,1747,1802,1866,1930,1985,2059,2205,2388,2663
0,2,307.2255379610698,2.2940942755503926,1265,1274,1283,1293,1302,1311,1320,1329,1339,1348,1357,1366,1375,1394,1412,1430,1458,1485,1522,1559,1595,1641,1687,1742,1807,1871,1926,1999,2146,2330,2605
0,3,313.7959810865988,2.280780419662611,1291,1300,1309,1319,1328,1337,1346,1355,1364,1373,1382,1392,1401,1419,1437,1455,1483,1510,1547,1583,1620,1665,1711,1766,1829,1893,1948,2021,2167,2349,2623
0,4,319.00229090044127,2.285502690179113,1312,1321,1330,1340,1349,1358,1367,1376,1385,1394,1403,1413,1422,1440,1458,1477,1504,1531,1568,1605,1641,1687,1733,1787,1851,1915,1970,2043,2190,2373,2647
0,5,314.6997140031332,2.264071883216106,1295,1304,1313,1322,1331,1340,1349,1358,1367,1376,1385,1394,1403,1421,1439,1458,1485,1512,1548,1584,1621,1666,1711,1765,1829,1892,1947,2019,2164,2345,2617
0,6,314.26690387680486,2.3073826545301346,1293,1303,1312,1321,1330,1340,1349,1358,1367,1377,1386,1395,1404,1423,1441,1460,1487,1515,1552,1589,1626,1672,1718,1773,1838,1903,1958,2032,2180,2364,2641
0,7,311.51105258563075,2.291158817151295,1282,1291,1301,1310,1319,1328,1337,1346,1356,1365,1374,1383,1392,1411,1429,1447,1475,1502,1539,1575,1612,1658,1704,1759,1823,1887,1942,2015,2162,2345,2620
0,8,318.9053818364274,2.3133433601808653,1312,1321,1331,1340,1349,1358,1368,1377,1386,1395,1405,1414,1423,1442,1460,1479,1506,1534,1571,1608,1645,1692,1738,1793,1858,1923,1978,2052,2200,2386,2663
0,9,302.4776279211641,2.300518878852499,1246,1255,1265,1274,1283,1292,1301,1311,1320,1329,1338,1347,1357,1375,1393,1412,1439,1467,1504,1541,1577,1624,1670,1725,1789,1854,1909,1982,2130,2314,2590
0,10,305.49159243307855,2.2912545489393032,1258,1267,1276,1286,1295,1304,1313,1322,1331,1341,1350,1359,1368,1386,1405,1423,1451,1478,1515,1551,1588,1634,1680,1735,1799,1863,1918,1991,2138,2321,2596
0,11,311.28914722591986,2.287127835310673,1281,1290,1300,1309,1318,1327,1336,1345,1354,1364,1373,1382,1391,1409,1428,1446,1473,1501,1537,1574,1611,1656,1702,1757,1821,1885,1940,2013,2160,2342,2617
1,0,279.3293177068964,2.317923811882697,1154,1163,1172,1182,1191,1200,1210,1219,1228,1237,1247,1256,1265,1284,1302,1321,1349,1376,1414,1451,1488,1534,1580,1636,1701,1766,1821,1896,2044,2229,2508
1,1,287.1919757818438,2.288597024808793,1185,1194,1203,1212,1222,1231,1240,1249,1258,1267,1276,1286,1295,1313,1331,1350,1377,1405,1441,1478,1514,1560,1606,1661,1725,1789,1844,1917,2064,2247,2521
1,2,279.72639095776344,2.2928481675412504,1155,1164,1173,1183,1192,1201,1210,1219,1228,1238,1247,1256,1265,1283,1302,1320,1348,1375,1412,1449,1485,1531,1577,1632,1696,1760,1815,1889,2036,2219,2494
1,3,278.4142787845875,2.316090352241549,1150,1159,1169,1178,1187,1197,1206,1215,1224,1234,1243,1252,1261,1280,1298,1317,1345,1373,1410,1447,1484,1530,1576,1632,1697,1762,1817,1891,2040,2225,2503
1,4,286.1540543589116,2.317259382685315,1181,1190,1200,1209,1218,1228,1237,1246,1255,1265,1274,1283,1292,1311,1329,1348,1376,1404,1441,1478,1515,1561,1608,1663,1728,1793,1849,1923,2071,2256,2534
1,5,277.15480220900406,2.3127369804223665,1145,1154,1164,1173,1182,1191,1201,1210,1219,1228,1238,1247,1256,1275,1293,1312,1339,1367,1404,1441,1478,1524,1571,1626,1691,1756,1811,1885,2033,2218,2496
1,6,291.15233175218873,2.2929534989915057,1201,1210,1219,1228,1237,1247,1256,1265,1274,1283,1293,1302,1311,1329,1348,1366,1393,1421,1458,1494,1531,1577,1623,1678,1742,1806,1861,1935,2081,2265,2540
1,7,275.0803296052128,2.3116322816084485,1137,1146,1155,1165,1174,1183,1192,1202,1211,1220,1229,1239,1248,1266,1285,1303,1331,1359,1396,1433,1470,1516,1562,1618,1682,1747,1803,1877,2024,2209,2487
1,8,275.9299535127054,2.321271882607689,1140,1150,1159,1168,1178,1187,1196,1205,1215,1224,1233,1242,1252,1270,1289,1307,1335,1363,1400,1437,1475,1521,1567,1623,1688,1753,1809,1883,2032,2217,2496
1,9,282.30931823057824,2.301792403695479,1166,1175,1184,1193,1202,1212,1221,1230,1239,1248,1258,1267,1276,1294,1313,1331,1359,1387,1423,1460,1497,1543,1589,1644,1709,1773,1828,1902,2049,2234,2510
1,10,278.9677933330205,2.309408705356287,1152,1162,1171,1180,1189,1199,1208,1217,1226,1235,1245,1254,1263,1282,1300,1319,1346,1374,1411,1448,1485,1531,1577,1633,1697,1762,1817,1891,2039,2224,2501
1,11,275.7835640639396,2.2941703066378256,1139,1149,1158,1167,1176,1185,1194,1204,1213,1222,1231,1240,1249,1268,1286,1305,1332,1360,1396,1433,1470,1516,1561,1617,1681,1745,1800,1873,2020,2204,2479
2,0,284.8678569091736,2.3204898109884122,1176,1185,1195,1204,1213,1223,1232,1241,1250,1260,1269,1278,1287,1306,1325,1343,1371,1399,1436,1473,1510,1557,1603,1659,1724,1789,1844,1919,2067,2253,2531
2,1,288.2705357423387,2.3218218919768576,1190,1199,1208,1218,1227,1236,1245,1255,1264,1273,1283,1292,1301,1320,1338,1357,1385,1413,1450,1487,1524,1571,1617,1673,1738,1803,1858,1933,2081,2267,2546
2,2,283.46993119410905,2.3113189494238777,1170,1180,1189,1198,1207,1217,1226,1235,1244,1254,1263,1272,1281,1300,1318,1337,1365,1392,1429,1466,1503,1549,1596,1651,1716,1781,1836,1910,2058,2243,2520
2,3,284.88805587222896,2.3251989941399334,1176,1186,1195,1204,1213,1223,1232,1241,1251,1260,1269,1279,1288,1306,1325,1344,1372,1399,1437,1474,1511,1558,1604,1660,1725,1790,1846,1920,2069,2255,2534
2,4,292.55258649504015,2.338939435122752,1207,1216,1226,1235,1245,1254,1263,1273,1282,1291,1301,1310,1319,1338,1357,1376,1404,1432,1469,1507,1544,1591,1637,1694,1759,1825,1881,1956,2105,2292,2573
2,5,289.45620893016184,2.3190219820769746,1194,1204,1213,1222,1232,1241,1250,1259,1269,1278,1287,1296,1306,1324,1343,1361,1389,1417,1454,1491,1528,1575,1621,1677,1742,1807,1862,1937,2085,2270,2549
2,6,285.70430100227844,2.335634572106903,1180,1189,1198,1208,1217,1226,1236,1245,1254,1264,1273,1282,1292,1310,1329,1348,1376,1404,1441,1479,1516,1563,1609,1665,1731,1796,1852,1927,2077,2263,2544
2,7,291.7114742220566,2.321939238215598,1203,1213,1222,1231,1241,1250,1259,1269,1278,1287,1296,1306,1315,1334,1352,1371,1399,1426,1464,1501,1538,1584,1631,1686,1751,1816,1872,1947,2095,2281,2560
2,8,291.58705788697597,2.336829832619231,1203,1213,1222,1231,1241,1250,1259,1269,1278,1287,1297,1306,1315,1334,1353,1371,1400,1428,1465,1502,1540,1586,1633,1689,1755,1820,1876,1951,2101,2288,2568
2,9,289.19005566462414,2.3628286143262405,1194,1204,1213,1222,1232,1241,1251,1260,1270,1279,1289,1298,1307,1326,1345,1364,1393,1421,1459,1497,1534,1582,1629,1686,1752,1818,1875,1950,2101,2290,2574
2,10,278.7404731910397,2.332628861240852,1152,1161,1170,1180,1189,1198,1208,1217,1226,1236,1245,1254,1264,1282,1301,1320,1348,1376,1413,1450,1488,1534,1581,1637,1702,1768,1824,1898,2048,2234,2514
2,11,288.8604179640966,2.3278111647464237,1192,1201,1211,1220,1229,1239,1248,1257,1267,1276,1285,1295,1304,1323,1341,1360,1388,1416,1453,1490,1527,1574,1621,1676,1742,1807,1863,1937,2086,2272,2552
3,0,238.70197817318302,3.6465823376019477,1013,1027,1042,1056,1071,1086,1100,1115,1129,1144,1159,1173,1188,1217,1246,1275,1319,1363,1421,1479,1538,1611,1684,1771,1873,1975,2063,2180,2413,2705,3142
3,1,292.52356948888684,2.3319409437897494,1207,1216,1226,1235,1244,1254,1263,1272,1282,1291,1300,1310,1319,1337,1356,1375,1403,1431,1468,1505,1543,1589,1636,1692,1757,1823,1879,1953,2102,2289,2569
3,2,295.5094183303494,2.3291761075209623,1219,1228,1237,1247,1256,1265,1275,1284,1293,1303,1312,1321,1331,1349,1368,1387,1414,1442,1480,1517,1554,1601,1647,1703,1768,1834,1890,1964,2113,2300,2579
3,3,277.4434706344074,2.315925381262538,1146,1156,1165,1174,1183,1193,1202,1211,1220,1230,1239,1248,1257,1276,1295,1313,1341,1369,1406,1443,1480,1526,1572,1628,1693,1758,1813,1887,2036,2221,2499
3,4,285.63840494567523,2.342786238308179,1180,1189,1198,1208,1217,1226,1236,1245,1255,1264,1273,1283,1292,1311,1329,1348,1376,1404,1442,1479,1517,1564,1611,1667,1732,1798,1854,1929,2079,2267,2548
3,5,290.328380582887,2.3155744560659826,1198,1207,1216,1226,1235,1244,1253,1263,1272,1281,1290,1300,1309,1328,1346,1365,1392,1420,1457,1494,1531,1578,1624,1680,1744,1809,1865,1939,2087,2272,2550
3,6,273.2351362098556,2.3237674724198447,1130,1139,1148,1158,1167,1176,1185,1195,1204,1213,1223,1232,1241,1260,1278,1297,1325,1353,1390,1427,1464,1511,1557,1613,1678,1743,1799,1873,2022,2208,2487
3,7,288.11580793031106,2.3210892205836133,1189,1198,1208,1217,1226,1236,1245,1254,1263,1273,1282,1291,1301,1319,1338,1356,1384,1412,1449,1486,1523,1570,1616,1672,1737,1802,1858,1932,2080,2266,2545
3,8,296.64725801396037,2.3366237512584496,1223,1233,1242,1252,1261,1270,1280,1289,1298,1308,1317,1326,1336,1354,1373,1392,1420,1448,1485,1523,1560,1607,1653,1709,1775,1840,1896,1971,2121,2308,2588
3,9,286.9480079503264,2.3511786639323065,1185,1194,1204,1213,1223,1232,1241,1251,1260,1270,1279,1288,1298,1317,1335,1354,1382,1411,1448,1486,1523,1571,1618,1674,1740,1806,1862,1937,2088,2276,2558
3,10,293.44243546182145,2.3413469442364385,1211,1220,1229,1239,1248,1258,1267,1276,1286,1295,1304,1314,1323,1342,1361,1379,1407,1436,1473,1510,1548,1595,1642,1698,1763,1829,1885,1960,2110,2297,2578
3,11,290.39084024189214,2.3163888825377263,1198,1207,1217,1226,1235,1244,1254,1263,1272,1282,1291,1300,1309,1328,1346,1365,1393,1420,1458,1495,1532,1578,1624,1680,1745,1810,1865,1939,2088,2273,2551
4,0,285.90717724053695,2.280793210892025,1180,1189,1198,1207,1216,1225,1234,1243,1253,1262,1271,1280,1289,1307,1326,1344,1371,1399,1435,1472,1508,1554,1599,1654,1718,1782,1836,1909,2055,2238,2512
4,1,272.2583257127061,2.2838770953451424,1125,1134,1143,1152,1162,1171,1180,1189,1198,1207,1216,1226,1235,1253,1271,1290,1317,1344,1381,1417,1454,1500,1545,1600,1664,1728,1783,1856,2002,2185,2459
4,2,282.9269771002492,2.273367945192895,1168,1177,1186,1195,1204,1213,1222,1231,1240,1249,1259,1268,1277,1295,1313,1331,1359,1386,1422,1459,1495,1540,1586,1640,1704,1768,1822,1895,2041,2222,2495
4,3,277.54234092143173,2.302868149715867,1147,1156,1165,1174,1183,1193,1202,1211,1220,1229,1239,1248,1257,1275,1294,1312,1340,1368,1404,1441,1478,1524,1570,1626,1690,1754,1810,1883,2031,2215,2491
4,4,275.462170430084,2.303731485828926,1138,1147,1157,1166,1175,1184,1193,1203,1212,1221,1230,1240,1249,1267,1286,1304,1332,1359,1396,1433,1470,1516,1562,1617,1682,1746,1802,1875,2023,2207,2484
4,5,275.8294241964088,2.2925777020168128,1139,1149,1158,1167,1176,1185,1195,1204,1213,1222,1231,1240,1250,1268,1286,1305,1332,1360,1396,1433,1470,1515,1561,1616,1681,1745,1800,1873,2020,2203,2478
4,6,277.4979069874556,2.277202016923196,1146,1155,1164,1173,1182,1191,1201,1210,1219,1228,1237,1246,1255,1273,1292,1310,1337,1365,1401,1437,1474,1519,1565,1620,1683,1747,1802,1875,2020,2203,2476
4,7,283.3518488700311,2.2944336508821577,1170,1179,1188,1197,1206,1216,1225,1234,1243,1252,1261,1271,1280,1298,1316,1335,1362,1390,1427,1463,1500,1546,1592,1647,1711,1775,1830,1904,2051,2234,2510
4,8,278.15368725641804,2.288565758403174,1149,1158,1167,1176,1185,1195,1204,1213,1222,1231,1240,1249,1259,1277,1295,1314,1341,1368,1405,1442,1478,1524,1570,1625,1689,1753,1808,1881,2028,2211,2485
4,9,281.37987832189975,2.297942167440445,1162,1171,1180,1189,1199,1208,1217,1226,1235,1245,1254,1263,1272,1290,1309,1327,1355,1382,1419,1456,1493,1539,1585,1640,1704,1768,1824,1897,2044,2228,2504
4,10,281.71223756694576,2.284084817648191,1163,1172,1181,1190,1199,1209,1218,1227,1236,1245,1254,1263,1273,1291,1309,1327,1355,1382,1419,1455,1492,1537,1583,1638,1702,1766,1821,1894,2040,2223,2497
4,11,282.8869043695155,2.300885270641631,1168,1177,1186,1195,1205,1214,1223,1232,1241,1251,1260,1269,1278,1297,1315,1334,1361,1389,1426,1462,1499,1545,1591,1646,1711,1775,1831,1904,2051,2235,2512
5,0,260.31540444777306,2.2946676560765296,1077,1087,1096,1105,1114,1123,1133,1142,1151,1160,1169,1178,1188,1206,1224,1243,1270,1298,1334,1371,1408,1454,1500,1555,1619,1683,1738,1812,1959,2142,2418
5,1,286.4035565096924,2.2596841919314143,1181,1190,1199,1208,1217,1226,1236,1245,1254,1263,1272,1281,1290,1308,1326,1344,1371,1398,1434,1471,1507,1552,1597,1651,1715,1778,1832,1904,2049,2230,2501
5,2,266.8919323851088,2.2706326676185604,1103,1112,1122,1131,1140,1149,1158,1167,1176,1185,1194,1203,1212,1231,1249,1267,1294,1321,1358,1394,1430,1476,1521,1576,1639,1703,1757,1830,1975,2157,2429
5,3,277.36803811210393,2.28126273810162,1145,1155,1164,1173,1182,1191,1200,1209,1218,1228,1237,1246,1255,1273,1291,1310,1337,1364,1401,1437,1474,1520,1565,1620,1684,1748,1802,1875,2021,2204,2478
5,4,229.65266041869037,3.690342290802973,977,992,1007,1021,1036,1051,1066,1080,1095,1110,1125,1140,1154,1184,1213,1243,1287,1331,1390,1450,1509,1582,1656,1745,1848,1951,2040,2158,2394,2689,3132
5,5,275.9615527004623,2.2729223375600975,1140,1149,1158,1167,1176,1185,1194,1203,1212,1222,1231,1240,1249,1267,1285,1303,1331,1358,1394,1431,1467,1512,1558,1612,1676,1740,1794,1867,2013,2194,2467
5,6,266.714607043041,2.2827178099098226,1103,1112,1121,1130,1139,1149,1158,1167,1176,1185,1194,1203,1212,1231,1249,1267,1295,1322,1359,1395,1432,1477,1523,1578,1642,1706,1760,1833,1979,2162,2436
5,7,250.92245276497118,3.0052938616180125,1051,1063,1075,1087,1099,1111,1123,1135,1147,1159,1171,1184,1196,1220,1244,1268,1304,1340,1388,1436,1484,1544,1604,1676,1761,1845,1917,2013,2205,2446,2806
5,8,277.37115455384236,2.292792362954919,1146,1155,1164,1173,1182,1192,1201,1210,1219,1228,1237,1247,1256,1274,1292,1311,1338,1366,1402,1439,1476,1522,1568,1623,1687,1751,1806,1879,2026,2210,2485
5,9,285.1820664353461,2.2691739665324033,1177,1186,1195,1204,1213,1222,1231,1240,1249,1258,1267,1276,1285,1304,1322,1340,1367,1394,1431,1467,1503,1549,1594,1649,1712,1776,1830,1903,2048,2229,2502
5,10,261.59345147161065,2.29305888385602,1083,1092,1101,1110,1119,1128,1138,1147,1156,1165,1174,1183,1193,1211,1229,1248,1275,1303,1339,1376,1413,1459,1504,1560,1624,1688,1743,1816,1963,2147,2422
5,11,270.18438265346225,2.2736381721983134,1117,1126,1135,1144,1153,1162,1171,1180,1189,1198,1208,1217,1226,1244,1262,1280,1308,1335,1371,1408,1444,1489,1535,1590,1653,1717,1771,1844,1990,2172,2444
6,0,287.70765251078024,2.3225373088532733,1187,1197,1206,1215,1225,1234,1243,1253,1262,1271,1280,1290,1299,1318,1336,1355,1383,1410,1448,1485,1522,1568,1615,1671,1736,1801,1856,1931,2079,2265,2544
6,1,282.17931410899064,2.2907480397646376,1165,1174,1183,1192,1202,1211,1220,1229,1238,1247,1256,1266,1275,1293,1311,1330,1357,1385,1421,1458,1495,1541,1586,1641,1705,1770,1825,1898,2045,2228,2503
6,2,295.95773582428933,2.3115978796944834,1220,1230,1239,1248,1257,1267,1276,1285,1294,1304,1313,1322,1331,1350,1368,1387,1414,1442,1479,1516,1553,1599,1646,1701,1766,1831,1886,1960,2108,2293,2570
6,3,306.6873249827489,2.3090579411790384,1263,1272,1282,1291,1300,1309,1319,1328,1337,1346,1356,1365,1374,1393,1411,1429,1457,1485,1522,1559,1596,1642,1688,1743,1808,1873,1928,2002,2150,2335,2612
6,4,281.8677868493339,2.3138268533995645,1164,1173,1183,1192,1201,1210,1220,1229,1238,1247,1257,1266,1275,1294,1312,1331,1358,1386,1423,1460,1497,1543,1590,1645,1710,1775,1830,1904,2053,2238,2515
6,5,248.47875405614522,3.5242172971453054,1050,1064,1078,1092,1106,1120,1134,1148,1163,1177,1191,1205,1219,1247,1275,1304,1346,1388,1445,1501,1557,1628,1698,1783,1882,1980,2065,2178,2403,2685,3108
6,6,297.7599414102636,2.2667262175782312,1227,1236,1245,1254,1263,1272,1281,1290,1299,1308,1317,1327,1336,1354,1372,1390,1417,1444,1481,1517,1553,1599,1644,1698,1762,1825,1880,1952,2097,2279,2551
6,7,236.85616755532956,3.617117444661308,1005,1019,1034,1048,1063,1077,1092,1106,1121,1135,1149,1164,1178,1207,1236,1265,1309,1352,1410,1468,1526,1598,1670,1757,1858,1960,2047,2162,2394,2683,3117
6,8,296.2761626874109,2.3276186554789233,1222,1231,1240,1250,1259,1268,1278,1287,1296,1306,1315,1324,1334,1352,1371,1389,1417,1445,1483,1520,1557,1604,1650,1706,1771,1836,1892,1967,2116,2302,2581
6,9,295.84948684035203,2.3064388972450227,1220,1229,1238,1247,1257,1266,1275,1284,1294,1303,1312,1321,1331,1349,1367,1386,1414,1441,1478,1515,1552,1598,1644,1700,1764,1829,1884,1958,2105,2290,2567
6,10,290.3037692902512,2.308394058267308,1198,1207,1216,1225,1235,1244,1253,1262,1272,1281,1290,1299,1308,1327,1345,1364,1392,1419,1456,1493,1530,1576,1622,1678,1742,1807,1862,1936,2084,2269,2546
6,11,289.57661032824456,2.328811628730065,1195,1204,1214,1223,1232,1242,1251,1260,1270,1279,1288,1298,1307,1325,1344,1363,1391,1419,1456,1493,1530,1577,1624,1679,1745,1810,1866,1940,2089,2276,2555
7,0,293.04085719728175,2.3137812690352804,1209,1218,1227,1236,1246,1255,1264,1273,1283,1292,1301,1310,1320,1338,1357,1375,1403,1431,1468,1505,1542,1588,1634,1690,1755,1820,1875,1949,2097,2282,2560
7,1,278.9593132185778,2.323349283770299,1153,1162,1171,1180,1190,1199,1208,1218,1227,1236,1245,1255,1264,1283,1301,1320,1348,1376,1413,1450,1487,1534,1580,1636,1701,1766,1822,1896,2045,2231,2509
7,2,279.03293197515734,2.3252458864492347,1153,1162,1171,1181,1190,1199,1209,1218,1227,1237,1246,1255,1264,1283,1302,1320,1348,1376,1413,1450,1488,1534,1581,1636,1702,1767,1823,1897,2046,2232,2511
7,3,276.3990758865684,2.3282346835047028,1142,1152,1161,1170,1180,1189,1198,1208,1217,1226,1235,1245,1254,1273,1291,1310,1338,1366,1403,1440,1478,1524,1571,1627,1692,1757,1813,1887,2036,2223,2502
7,4,273.5220418430065,2.3525923651094462,1131,1141,1150,1159,1169,1178,1188,1197,1207,1216,1225,1235,1244,1263,1282,1301,1329,1357,1395,1432,1470,1517,1564,1621,1686,1752,1809,1884,2035,2223,2505
7,5,275.9264181028165,2.346061697165305,1141,1150,1160,1169,1178,1188,1197,1206,1216,1225,1235,1244,1253,1272,1291,1310,1338,1366,1404,1441,1479,1525,1572,1629,1694,1760,1816,1891,2042,2229,2511
7,6,280.7914095522283,2.3323042291319793,1160,1169,1179,1188,1197,1207,1216,1225,1235,1244,1253,1263,1272,1291,1309,1328,1356,1384,1421,1459,1496,1542,1589,1645,1710,1776,1832,1906,2056,2242,2522
7,7,280.3740236668102,2.3409027951377057,1158,1168,1177,1187,1196,1205,1215,1224,1233,1243,1252,1261,1271,1290,1308,1327,1355,1383,1421,1458,1496,1542,1589,1645,1711,1776,1833,1908,2057,2245,2526
7,8,282.41409082192945,2.3311159613287544,1166,1176,1185,1194,1204,1213,1222,1232,1241,1250,1260,1269,1278,1297,1316,1334,1362,1390,1428,1465,1502,1549,1595,1651,1717,1782,1838,1912,2062,2248,2528
7,9,266.1572210523633,2.331690145777876,1101,1111,1120,1129,1139,1148,1157,1167,1176,1185,1195,1204,1213,1232,1251,1269,1297,1325,1363,1400,1437,1484,1530,1586,1652,1717,1773,1848,1997,2183,2463
7,10,284.41520655899546,2.3232546290161635,1174,1184,1193,1202,1212,1221,1230,1239,1249,1258,1267,1277,1286,1304,1323,1342,1369,1397,1435,1472,1509,1555,1602,1658,1723,1788,1843,1918,2066,2252,2531
7,11,277.17672504988656,2.319014431807033,1145,1155,1164,1173,1182,1192,1201,1210,1220,1229,1238,1247,1257,1275,1294,1312,1340,1368,1405,1442,1479,1526,1572,1628,1693,1758,1813,1887,2036,2221,2500
8,0,273.5747693501578,2.337002337393042,1131,1141,1150,1159,1169,1178,1187,1197,1206,1215,1225,1234,1243,1262,1281,1299,1327,1356,1393,1430,1468,1514,1561,1617,1683,1748,1804,1879,2029,2216,2496
8,1,263.22263342463265,2.328268283814608,1090,1099,1108,1118,1127,1136,1146,1155,1164,1173,1183,1192,1201,1220,1239,1257,1285,1313,1350,1388,1425,1471,1518,1574,1639,1704,1760,1835,1984,2170,2449
8,2,269.1144629036437,2.330895538540856,1113,1123,1132,1141,1151,1160,1169,1179,1188,1197,1206,1216,1225,1244,1262,1281,1309,1337,1374,1412,1449,1496,1542,1598,1663,1729,1785,1859,2008,2195,2474
8,3,280.05932750149753,2.3291494127987957,1157,1166,1176,1185,1194,1204,1213,1222,1232,1241,1250,1259,1269,1287,1306,1325,1353,1381,1418,1455,1492,1539,1586,1641,1707,1772,1828,1902,2051,2238,2517
8,4,269.8276632842923,2.3567744277203015,1117,1126,1135,1145,1154,1164,1173,1183,1192,1201,1211,1220,1230,1248,1267,1286,1314,1343,1380,1418,1456,1503,1550,1607,1673,1739,1795,1871,2022,2210,2493
8,5,269.3041212349021,2.321014289296044,1114,1123,1132,1142,1151,1160,1170,1179,1188,1197,1207,1216,1225,1244,1262,1281,1309,1337,1374,1411,1448,1494,1541,1597,1662,1727,1782,1857,2005,2191,2469
8,6,268.5646233875128,2.339585567256036,1111,1121,1130,1139,1149,1158,1167,1177,1186,1195,1205,1214,1223,1242,1261,1280,1308,1336,1373,1411,1448,1495,1542,1598,1663,1729,1785,1860,2010,2197,2478
8,7,229.51307397027745,3.5900300416729762,975,989,1004,1018,1032,1047,1061,1076,1090,1104,1119,1133,1147,1176,1205,1233,1277,1320,1377,1435,1492,1564,1636,1722,1822,1923,2009,2124,2354,2641,3072
8,8,279.39151672743174,2.3312163283200187,1154,1164,1173,1182,1192,1201,1210,1220,1229,1238,1248,1257,1266,1285,1304,1322,1350,1378,1415,1453,1490,1537,1583,1639,1705,1770,1826,1900,2050,2236,2516
8,9,264.63093575417065,2.321710155346717,1095,1104,1114,1123,1132,1142,1151,1160,1169,1179,1188,1197,1207,1225,1244,1262,1290,1318,1355,1392,1429,1476,1522,1578,1643,1708,1764,1838,1987,2172,2451
8,10,270.68599056603335,2.32247322841639,1119,1129,1138,1147,1157,1166,1175,1184,1194,1203,1212,1222,1231,1249,1268,1287,1314,1342,1380,1417,1454,1500,1547,1602,1668,1733,1788,1863,2011,2197,2476
8,11,274.3680238240061,2.3427030358086873,1134,1144,1153,1163,1172,1181,1191,1200,1209,1219,1228,1238,1247,1266,1284,1303,1331,1359,1397,1434,1472,1519,1566,1622,1687,1753,1809,1884,2034,2221,2503
9,0,285.18839761383884,2.3104178354655263,1177,1186,1196,1205,1214,1223,1233,1242,1251,1260,1270,1279,1288,1307,1325,1344,1371,1399,1436,1473,1510,1556,1602,1658,1722,1787,1843,1917,2064,2249,2527
9,1,274.98325453667996,2.3334537228647703,1137,1146,1155,1165,1174,1183,1193,1202,1211,1221,1230,1239,1249,1267,1286,1305,1333,1361,1398,1435,1473,1519,1566,1622,1687,1753,1809,1883,2033,2219,2500
9,2,281.3532494990672,2.3286265350755184,1162,1171,1181,1190,1199,1209,1218,1227,1237,1246,1255,1265,1274,1293,1311,1330,1358,1386,1423,1460,1497,1544,1591,1647,1712,1777,1833,1907,2056,2243,2522
9,3,285.6373716888398,2.303312507060026,1179,1188,1197,1207,1216,1225,1234,1243,1253,1262,1271,1280,1289,1308,1326,1345,1372,1400,1437,1474,1511,1557,1603,1658,1722,1787,1842,1916,2063,2248,2524
9,4,233.26389326080056,3.755050740187957,993,1008,1023,1038,1053,1068,1083,1098,1113,1128,1143,1158,1173,1203,1233,1263,1308,1353,1413,1473,1533,1608,1684,1774,1879,1984,2074,2194,2435,2735,3186
9,5,279.5592994812781,2.314871585447824,1155,1164,1173,1183,1192,1201,1210,1220,1229,1238,1247,1257,1266,1284,1303,1321,1349,1377,1414,1451,1488,1534,1581,1636,1701,1766,1821,1896,2044,2229,2507
9,6,288.87949961767157,2.3233996480367622,1192,1201,1211,1220,1229,1239,1248,1257,1267,1276,1285,1294,1304,1322,1341,1359,1387,1415,1452,1490,1527,1573,1620,1675,1741,1806,1861,1936,2084,2270,2549
9,7,286.6943203728443,2.311587821073732,1183,1193,1202,1211,1220,1229,1239,1248,1257,1266,1276,1285,1294,1313,1331,1350,1377,1405,1442,1479,1516,1562,1609,1664,1729,1794,1849,1923,2071,2256,2533
9,8,270.04487529425097,2.3114720512396625,1117,1126,1135,1144,1154,1163,1172,1181,1191,1200,1209,1218,1228,1246,1265,1283,1311,1339,1376,1413,1450,1496,1542,1597,1662,1727,1782,1856,2004,2189,2467
9,9,280.21728303269083,2.3211241572201544,1158,1167,1176,1185,1195,1204,1213,1222,1232,1241,1250,1260,1269,1287,1306,1325,1352,1380,1417,1455,1492,1538,1585,1640,1705,1770,1826,1900,2049,2235,2513
9,10,281.9189900316493,2.3145172776088243,1164,1173,1183,1192,1201,1210,1220,1229,1238,1248,1257,1266,1275,1294,1312,1331,1359,1386,1423,1460,1497,1544,1590,1646,1710,1775,1831,1905,2053,2238,2516
9,11,286.8764129724866,2.324616461541836,1184,1193,1203,1212,1221,1231,1240,1249,1259,1268,1277,1286,1296,1314,1333,1352,1379,1407,1445,1482,1519,1565,1612,1668,1733,1798,1854,1928,2077,2263,2542
10,0,294.69188236675365,2.315208372991748,1215,1225,1234,1243,1252,1262,1271,1280,1289,1299,1308,1317,1326,1345,1363,1382,1410,1438,1475,1512,1549,1595,1641,1697,1762,1827,1882,1956,2104,2290,2567
10,1,295.6453710870301,2.313657877933708,1219,1228,1238,1247,1256,1265,1275,1284,1293,1302,1312,1321,1330,1349,1367,1386,1413,1441,1478,1515,1552,1599,1645,1700,1765,1830,1885,1959,2108,2293,2570
10,2,304.05954125210036,2.3052641854027645,1253,1262,1271,1280,1290,1299,1308,1317,1326,1336,1345,1354,1363,1382,1400,1419,1446,1474,1511,1548,1585,1631,1677,1732,1797,1861,1917,1990,2138,2322,2599
10,3,290.5096028870071,2.308962730677237,1198,1208,1217,1226,1235,1245,1254,1263,1272,1282,1291,1300,1309,1328,1346,1365,1392,1420,1457,1494,1531,1577,1623,1679,1743,1808,1863,1937,2085,2270,2547
10,4,302.2343576377799,2.3297575002874487,1246,1255,1264,1274,1283,1292,1302,1311,1320,1330,1339,1348,1358,1376,1395,1413,1441,1469,1507,1544,1581,1628,1674,1730,1796,1861,1917,1991,2140,2327,2606
10,5,292.01501684506064,2.303236761903818,1204,1214,1223,1232,1241,1250,1260,1269,1278,1287,1297,1306,1315,1333,1352,1370,1398,1426,1462,1499,1536,1582,1628,1683,1748,1812,1868,1941,2089,2273,2550
10,6,293.59205683052164,2.2981655110826305,1211,1220,1229,1238,1247,1257,1266,1275,1284,1293,1303,1312,1321,1339,1358,1376,1404,1431,1468,1505,1542,1588,1634,1689,1753,1817,1873,1946,2093,2277,2553
10,7,297.35425731772995,2.3260530440265916,1226,1235,1245,1254,1263,1273,1282,1291,1301,1310,1319,1328,1338,1356,1375,1394,1422,1449,1487,1524,1561,1608,1654,1710,1775,1840,1896,1970,2119,2305,2585
10,8,302.49022357285617,2.315932939677738,1247,1256,1265,1274,1284,1293,1302,1311,1321,1330,1339,1348,1358,1376,1395,1413,1441,1469,1506,1543,1580,1626,1673,1728,1793,1858,1914,1988,2136,2321,2599
10,9,298.113999859443,2.3020491767467695,1229,1238,1247,1256,1266,1275,1284,1293,1302,1312,1321,1330,1339,1358,1376,1395,1422,1450,1487,1523,1560,1606,1652,1708,1772,1837,1892,1965,2113,2297,2573
10,10,281.403570192906,2.319239026907651,1162,1171,1181,1190,1199,1209,1218,1227,1236,1246,1255,1264,1274,1292,1311,1329,1357,1385,1422,1459,1496,1543,1589,1645,1710,1775,1830,1904,2053,2238,2517
10,11,295.09173460097486,2.341736087260655,1217,1227,1236,1245,1255,1264,1274,1283,1292,1302,1311,1320,1330,1348,1367,1386,1414,1442,1480,1517,1555,1601,1648,1704,1770,1836,1892,1967,2117,2304,2585
11,0,294.7096172617632,2.301826545334347,1215,1224,1234,1243,1252,1261,1270,1280,1289,1298,1307,1316,1326,1344,1362,1381,1409,1436,1473,1510,1547,1593,1639,1694,1758,1823,1878,1952,2099,2283,2559
11,1,299.9627243265552,2.296461504622574,1236,1245,1254,1264,1273,1282,1291,1300,1310,1319,1328,1337,1346,1365,1383,1401,1429,1457,1493,1530,1567,1613,1659,1714,1778,1842,1897,1971,2118,2302,2577
11,2,297.4781237862751,2.291038803273154,1226,1235,1244,1254,1263,1272,1281,1290,1299,1309,1318,1327,1336,1354,1373,1391,1419,1446,1483,1519,1556,1602,1648,1703,1767,1831,1886,1959,2106,2289,2564
11,3,297.8635245439574,2.299904444351031,1228,1237,1246,1255,1265,1274,1283,1292,1301,1311,1320,1329,1338,1357,1375,1393,1421,1449,1485,1522,1559,1605,1651,1706,1771,1835,1890,1964,2111,2295,2571
11,4,298.4925597037471,2.311445010327085,1230,1240,1249,1258,1267,1277,1286,1295,1304,1314,1323,1332,1341,1360,1378,1397,1425,1452,1489,1526,1563,1610,1656,1711,1776,1841,1896,1970,2118,2303,2580
11,5,291.944284816834,2.310819430614857,1204,1213,1223,1232,1241,1250,1260,1269,1278,1287,1297,1306,1315,1334,1352,1371,1398,1426,1463,1500,1537,1583,1629,1685,1750,1814,1870,1944,2092,2276,2554
11,6,293.79062403232655,2.289547178439533,1211,1220,1230,1239,1248,1257,1266,1275,1285,1294,1303,1312,1321,1340,1358,1376,1404,1431,1468,1504,1541,1587,1633,1688,1752,1816,1871,1944,2090,2274,2548
11,7,281.2610424742949,2.3026274514793688,1161,1171,1180,1189,1198,1207,1217,1226,1235,1244,1253,1263,1272,1290,1309,1327,1355,1382,1419,1456,1493,1539,1585,1640,1705,1769,1825,1898,2046,2230,2506
11,8,288.14831686402925,2.3142896340613928,1189,1198,1208,1217,1226,1235,1245,1254,1263,1272,1282,1291,1300,1319,1337,1356,1384,1411,1448,1485,1522,1569,1615,1670,1735,1800,1856,1930,2078,2263,2541
11,9,295.61940529512987,2.3062440201758108,1219,1228,1237,1247,1256,1265,1274,1283,1293,1302,1311,1320,1330,1348,1366,1385,1413,1440,1477,1514,1551,1597,1643,1699,1763,1828,1883,1957,2104,2289,2566
11,10,291.07164663026117,2.2847289002872735,1200,1209,1219,1228,1237,1246,1255,1264,1273,1283,1292,1301,1310,1328,1347,1365,1392,1420,1456,1493,1529,1575,1621,1676,1740,1804,1858,1931,2078,2260,2535
11,11,285.6176656310333,2.289204643329753,1179,1188,1197,1206,1215,1224,1234,1243,1252,1261,1270,1279,1288,1307,1325,1343,1371,1398,1435,1472,1508,1554,1600,1655,1719,1783,1838,1911,2058,2241,2515
12,0,279.71698112559153,2.308159032400036,1155,1165,1174,1183,1192,1201,1211,1220,1229,1238,1248,1257,1266,1285,1303,1321,1349,1377,1414,1451,1488,1534,1580,1635,1700,1765,1820,1894,2042,2226,2503
12,1,291.9807061771791,2.308704757039656,1204,1214,1223,1232,1241,1251,1260,1269,1278,1287,1297,1306,1315,1334,1352,1371,1398,1426,1463,1500,1537,1583,1629,1685,1749,1814,1869,1943,2091,2276,2553
12,2,289.4291332822227,2.311425824715707,1194,1203,1213,1222,1231,1240,1250,1259,1268,1277,1287,1296,1305,1324,1342,1361,1388,1416,1453,1490,1527,1573,1620,1675,1740,1804,1860,1934,2082,2267,2544
12,3,286.60901397927296,2.3090279618020686,1183,1192,1201,1211,1220,1229,1238,1248,1257,1266,1275,1284,1294,1312,1331,1349,1377,1405,1441,1478,1515,1562,1608,1663,1728,1792,1848,1922,2070,2254,2531
12,4,294.5241391148417,2.3203391641843663,1215,1224,1233,1243,1252,1261,1270,1280,1289,1298,1308,1317,1326,1345,1363,1382,1410,1437,1475,1512,1549,1595,1642,1697,1762,1827,1883,1957,2106,2291,2570
12,5,274.40765750273533,2.2887786758738233,1134,1143,1152,1161,1170,1180,1189,1198,1207,1216,1225,1234,1244,1262,1280,1299,1326,1353,1390,1427,1463,1509,1555,1610,1674,1738,1793,1866,2013,2196,2470
12,6,289.1542712615813,2.30638682671554,1193,1202,1211,1221,1230,1239,1248,1258,1267,1276,1285,1295,1304,1322,1341,1359,1387,1414,1451,1488,1525,1571,1617,1673,1737,1802,1857,1931,2079,2263,2540
12,7,288.7135777183644,2.3220297664242544,1192,1201,1210,1219,1229,1238,1247,1257,1266,1275,1284,1294,1303,1322,1340,1359,1387,1414,1452,1489,1526,1572,1619,1674,1740,1805,1860,1935,2083,2269,2548
12,8,280.3778540743895,2.332217125356391,1158,1168,1177,1186,1196,1205,1214,1224,1233,1242,1252,1261,1270,1289,1308,1326,1354,1382,1420,1457,1494,1541,1587,1643,1709,1774,1830,1905,2054,2240,2520
12,9,276.8626963963064,2.3378452669801244,1144,1154,1163,1172,1182,1191,1200,1210,1219,1229,1238,1247,1257,1275,1294,1313,1341,1369,1406,1444,1481,1528,1575,1631,1696,1762,1818,1892,2042,2229,2510
12,10,292.28257090550534,2.3196358562777206,1206,1215,1224,1234,1243,1252,1261,1271,1280,1289,1299,1308,1317,1336,1354,1373,1401,1428,1466,1503,1540,1586,1633,1688,1753,1818,1874,1948,2096,2282,2560
12,11,288.71041430888636,2.3211960621527647,1191,1201,1210,1219,1229,1238,1247,1256,1266,1275,1284,1294,1303,1321,1340,1359,1386,1414,1451,1489,1526,1572,1619,1674,1739,1804,1860,1934,2083,2269,2547
13,0,286.283735195374,2.37813760981137,1183,1192,1202,1211,1221,1230,1240,1249,1259,1268,1278,1287,1297,1316,1335,1354,1382,1411,1449,1487,1525,1573,1620,1677,1744,1811,1868,1944,2096,2286,2572
13,1,285.157375660374,2.373231547011687,1178,1188,1197,1207,1216,1226,1235,1245,1254,1264,1273,1283,1292,1311,1330,1349,1377,1406,1444,1482,1520,1567,1615,1672,1738,1805,1862,1938,2089,2279,2564
13,2,282.5524261466915,2.379259845926141,1168,1177,1187,1196,1206,1215,1225,1234,1244,1253,1263,1272,1282,1301,1320,1339,1368,1396,1434,1472,1510,1558,1606,1663,1729,1796,1853,1929,2081,2272,2557
13,3,293.8362928365503,2.375017370590313,1213,1222,1232,1241,1251,1260,1270,1279,1289,1298,1308,1317,1327,1346,1365,1384,1412,1441,1479,1517,1555,1602,1650,1707,1773,1840,1897,1973,2125,2315,2600
13,4,290.5903038940241,2.3766490024006597,1200,1209,1219,1228,1238,1247,1257,1266,1276,1285,1295,1304,1314,1333,1352,1371,1400,1428,1466,1504,1542,1590,1637,1694,1761,1827,1884,1960,2113,2303,2588
13,5,284.1154441894493,2.3600767250580406,1174,1183,1193,1202,1211,1221,1230,1240,1249,1259,1268,1278,1287,1306,1325,1344,1372,1400,1438,1476,1514,1561,1608,1665,1731,1797,1853,1929,2080,2269,2552
13,6,291.9820547969173,2.33509015000485,1205,1214,1223,1233,1242,1251,1261,1270,1280,1289,1298,1308,1317,1336,1354,1373,1401,1429,1466,1504,1541,1588,1634,1690,1756,1821,1877,1952,2101,2288,2568
13,7,285.90648980521496,2.3860764347747225,1181,1191,1200,1210,1219,1229,1239,1248,1258,1267,1277,1286,1296,1315,1334,1353,1382,1410,1449,1487,1525,1573,1620,1678,1744,1811,1868,1945,2098,2288,2575
13,8,287.80880409868627,2.3914492895931496,1189,1199,1208,1218,1227,1237,1246,1256,1266,1275,1285,1294,1304,1323,1342,1361,1390,1419,1457,1495,1533,1581,1629,1686,1753,1820,1878,1954,2107,2299,2586
13,9,286.0086416116133,2.390266971498197,1182,1191,1201,1210,1220,1230,1239,1249,1258,1268,1277,1287,1297,1316,1335,1354,1383,1411,1449,1488,1526,1574,1622,1679,1746,1813,1870,1947,2100,2291,2578
13,10,292.4065484058398,2.380484447648437,1207,1217,1226,1236,1245,1255,1264,1274,1283,1293,1302,1312,1321,1341,1360,1379,1407,1436,1474,1512,1550,1598,1645,1702,1769,1836,1893,1969,2121,2312,2597
13,11,289.02170351690546,2.3684165234329937,1193,1203,1212,1222,1231,1241,1250,1260,1269,1279,1288,1298,1307,1326,1345,1364,1392,1421,1459,1497,1535,1582,1629,1686,1752,1819,1876,1951,2103,2292,2577
14,0,285.5593962595911,2.347951974043294,1179,1189,1198,1207,1217,1226,1236,1245,1254,1264,1273,1283,1292,1311,1330,1348,1377,1405,1442,1480,1517,1564,1611,1668,1733,1799,1856,1931,2081,2269,2551
14,1,284.7692545887848,2.3423653377256852,1176,1185,1195,1204,1214,1223,1232,1242,1251,1260,1270,1279,1288,1307,1326,1345,1373,1401,1438,1476,1513,1560,1607,1663,1729,1794,1851,1926,2076,2263,2544
14,2,279.7105525873662,2.339821672462434,1156,1165,1174,1184,1193,1203,1212,1221,1231,1240,1249,1259,1268,1287,1306,1324,1352,1380,1418,1455,1493,1540,1586,1642,1708,1773,1830,1905,2054,2241,2522
14,3,289.92059483432485,2.3498727185332746,1197,1206,1216,1225,1234,1244,1253,1263,1272,1281,1291,1300,1310,1328,1347,1366,1394,1422,1460,1498,1535,1582,1629,1686,1751,1817,1874,1949,2099,2287,2569
14,4,277.28036853515147,2.362939397205917,1146,1156,1165,1175,1184,1194,1203,1213,1222,1231,1241,1250,1260,1279,1298,1317,1345,1373,1411,1449,1487,1534,1581,1638,1704,1770,1827,1903,2054,2243,2526
14,5,285.42609892231627,2.352833900753465,1179,1188,1198,1207,1216,1226,1235,1245,1254,1264,1273,1282,1292,1311,1329,1348,1376,1405,1442,1480,1518,1565,1612,1668,1734,1800,1856,1932,2082,2271,2553
14,6,282.51955402799774,2.3695790643849266,1167,1177,1186,1196,1205,1215,1224,1234,1243,1253,1262,1272,1281,1300,1319,1338,1367,1395,1433,1471,1509,1556,1603,1660,1727,1793,1850,1926,2077,2267,2551
14,7,286.5046556936834,2.3644440001179414,1183,1193,1202,1212,1221,1231,1240,1250,1259,1268,1278,1287,1297,1316,1335,1354,1382,1410,1448,1486,1524,1571,1618,1675,1741,1808,1864,1940,2091,2280,2564
14,8,281.20862409539205,2.3717619085413166,1162,1172,1181,1191,1200,1210,1219,1229,1238,1248,1257,1267,1276,1295,1314,1333,1362,1390,1428,1466,1504,1551,1599,1656,1722,1788,1845,1921,2073,2263,2547
14,9,281.86114627369534,2.3261648704686784,1164,1173,1183,1192,1201,1211,1220,1229,1239,1248,1257,1267,1276,1294,1313,1332,1360,1387,1425,1462,1499,1546,1592,1648,1713,1778,1834,1909,2057,2244,2523
14,10,296.6066361348975,2.368808407081596,1224,1233,1243,1252,1262,1271,1281,1290,1300,1309,1319,1328,1338,1356,1375,1394,1423,1451,1489,1527,1565,1612,1660,1717,1783,1849,1906,1982,2133,2323,2607
14,11,294.4145494902678,2.361320841147286,1215,1224,1234,1243,1253,1262,1272,1281,1291,1300,1309,1319,1328,1347,1366,1385,1413,1442,1479,1517,1555,1602,1649,1706,1772,1838,1895,1971,2122,2311,2594
15,0,281.680779556979,2.3000542722543975,1163,1172,1181,1191,1200,1209,1218,1227,1237,1246,1255,1264,1273,1292,1310,1329,1356,1384,1421,1457,1494,1540,1586,1641,1706,1770,1825,1899,2046,2230,2506
15,1,286.7901105684076,2.2833456789035913,1183,1192,1201,1211,1220,1229,1238,1247,1256,1265,1275,1284,1293,1311,1329,1348,1375,1402,1439,1475,1512,1558,1603,1658,1722,1786,1841,1914,2060,2243,2517
15,2,237.01862271770884,3.3116524119776476,1001,1014,1027,1040,1054,1067,1080,1093,1107,1120,1133,1146,1160,1186,1213,1239,1279,1318,1371,1424,1477,1544,1610,1689,1782,1875,1954,2060,2272,2537,2935
15,3,284.01931424799716,2.2853876395419643,1172,1181,1190,1200,1209,1218,1227,1236,1245,1254,1264,1273,1282,1300,1318,1337,1364,1392,1428,1465,1501,1547,1593,1648,1711,1775,1830,1903,2050,2233,2507
15,4,256.6876749386321,3.209953583713336,1078,1090,1103,1116,1129,1142,1155,1167,1180,1193,1206,1219,1232,1257,1283,1309,1347,1386,1437,1488,1540,1604,1668,1745,1835,1925,2002,2105,2310,2567,2952
15,5,239.69646391102452,3.695072721409151,1017,1032,1047,1062,1077,1091,1106,1121,1136,1150,1165,1180,1195,1224,1254,1283,1328,1372,1431,1490,1549,1623,1697,1786,1889,1993,2082,2200,2436,2732,3175
15,6,278.1245067209199,2.279030347425863,1148,1158,1167,1176,1185,1194,1203,1212,1221,1231,1240,1249,1258,1276,1294,1313,1340,1367,1404,1440,1477,1522,1568,1623,1686,1750,1805,1878,2024,2206,2479
15,7,285.16133487009824,2.286772248868912,1177,1186,1195,1204,1213,1222,1232,1241,1250,1259,1268,1277,1286,1305,1323,1341,1369,1396,1433,1469,1506,1552,1597,1652,1716,1780,1835,1909,2055,2238,2512
15,8,280.29885714405714,2.2901420743462877,1157,1166,1176,1185,1194,1203,1212,1221,1231,1240,1249,1258,1267,1286,1304,1322,1350,1377,1414,1450,1487,1533,1579,1634,1698,1762,1817,1890,2037,2220,2495
15,9,288.45213547019205,2.290829206095894,1190,1199,1208,1217,1227,1236,1245,1254,1263,1272,1282,1291,1300,1318,1337,1355,1382,1410,1447,1483,1520,1566,1611,1666,1731,1795,1850,1923,2070,2253,2528
15,10,294.4385517742924,2.3002743923674895,1214,1223,1232,1242,1251,1260,1269,1278,1288,1297,1306,1315,1324,1343,1361,1380,1407,1435,1472,1508,1545,1591,1637,1693,1757,1821,1877,1950,2097,2281,2557
15,11,268.3151159714629,2.307631880291211,1110,1119,1128,1137,1147,1156,1165,1174,1184,1193,1202,1211,1220,1239,1257,1276,1304,1331,1368,1405,1442,1488,1534,1590,1654,1719,1774,1848,1996,2180,2457
16,0,292.358638110539,2.273344738001556,1205,1214,1223,1233,1242,1251,1260,1269,1278,1287,1296,1305,1314,1333,1351,1369,1396,1424,1460,1496,1533,1578,1624,1678,1742,1805,1860,1933,2078,2260,2533
16,1,288.11183918209247,2.2817051588019956,1188,1198,1207,1216,1225,1234,1243,1252,1261,1271,1280,1289,1298,1316,1334,1353,1380,1407,1444,1481,1517,1563,1608,1663,1727,1791,1846,1919,2065,2247,2521
16,2,290.02682399178076,2.2636658484008083,1196,1205,1214,1223,1232,1241,1250,1259,1268,1277,1286,1295,1304,1323,1341,1359,1386,1413,1449,1486,1522,1567,1612,1667,1730,1793,1848,1920,2065,2246,2518
16,3,293.2643222217051,2.288305410815256,1209,1218,1227,1237,1246,1255,1264,1273,1282,1292,1301,1310,1319,1337,1356,1374,1401,1429,1465,1502,1539,1584,1630,1685,1749,1813,1868,1941,2088,2271,2546
16,4,305.50086598362816,2.290174453585056,1258,1267,1276,1286,1295,1304,1313,1322,1331,1341,1350,1359,1368,1386,1405,1423,1451,1478,1515,1551,1588,1634,1680,1735,1799,1863,1918,1991,2138,2321,2596
16,5,280.60994523165647,2.263450628789477,1158,1167,1176,1185,1194,1203,1212,1222,1231,1240,1249,1258,1267,1285,1303,1321,1348,1375,1412,1448,1484,1529,1575,1629,1692,1756,1810,1882,2027,2208,2480
16,6,293.03557594517923,2.268022304522245,1208,1217,1226,1235,1244,1253,1262,1271,1281,1290,1299,1308,1317,1335,1353,1371,1398,1426,1462,1498,1535,1580,1625,1680,1743,1807,1861,1934,2079,2260,2532
16,7,294.03212726522145,2.280748173009166,1212,1221,1230,1239,1249,1258,1267,1276,1285,1294,1303,1312,1322,1340,1358,1376,1404,1431,1468,1504,1541,1586,1632,1687,1750,1814,1869,1942,2088,2270,2544
16,8,288.8853380772503,2.296132654010764,1192,1201,1210,1219,1229,1238,1247,1256,1265,1274,1284,1293,1302,1320,1339,1357,1385,1412,1449,1486,1522,1568,1614,1669,1734,1798,1853,1927,2073,2257,2533
16,9,295.6545879126731,2.2776386396155117,1219,1228,1237,1246,1255,1264,1273,1282,1291,1301,1310,1319,1328,1346,1364,1383,1410,1437,1474,1510,1547,1592,1638,1692,1756,1820,1875,1947,2093,2275,2549
16,10,284.96228214998933,2.2834652061146175,1176,1185,1194,1203,1212,1222,1231,1240,1249,1258,1267,1276,1285,1304,1322,1340,1368,1395,1432,1468,1505,1550,1596,1651,1715,1779,1834,1907,2053,2235,2509
16,11,301.26903728845076,2.2562736118877833,1241,1250,1259,1268,1277,1286,1295,1304,1313,1322,1331,1340,1349,1367,1385,1403,1430,1457,1493,1529,1566,1611,1656,1710,1773,1836,1890,1963,2107,2288,2558
17,0,301.3769509581692,2.293773747087697,1242,1251,1260,1269,1278,1288,1297,1306,1315,1324,1333,1343,1352,1370,1389,1407,1434,1462,1499,1535,1572,1618,1664,1719,1783,1847,1902,1976,2123,2306,2581
17,1,300.53169694706907,2.2749376220072337,1238,1247,1256,1265,1274,1284,1293,1302,1311,1320,1329,1338,1347,1365,1384,1402,1429,1456,1493,1529,1566,1611,1657,1711,1775,1839,1893,1966,2112,2294,2567
17,2,299.2991399747506,2.295643141977132,1233,1243,1252,1261,1270,1279,1289,1298,1307,1316,1325,1334,1344,1362,1380,1399,1426,1454,1491,1527,1564,1610,1656,1711,1775,1839,1895,1968,2115,2299,2574
17,3,303.5416493716391,2.297008798755231,1250,1260,1269,1278,1287,1296,1306,1315,1324,1333,1342,1351,1361,1379,1397,1416,1443,1471,1508,1544,1581,1627,1673,1728,1793,1857,1912,1985,2132,2316,2592
17,4,295.7626554895758,2.3073249694357254,1219,1229,1238,1247,1256,1266,1275,1284,1293,1303,1312,1321,1330,1349,1367,1386,1413,1441,1478,1515,1552,1598,1644,1699,1764,1829,1884,1958,2105,2290,2567
17,5,295.18398279091,2.276371926587639,1217,1226,1235,1244,1253,1262,1271,1280,1290,1299,1308,1317,1326,1344,1362,1381,1408,1435,1472,1508,1544,1590,1636,1690,1754,1818,1872,1945,2091,2273,2546
17,6,302.74616150224216,2.2945408873750344,1247,1256,1266,1275,1284,1293,1302,1311,1321,1330,1339,1348,1357,1376,1394,1412,1440,1467,1504,1541,1578,1624,1669,1724,1789,1853,1908,1981,2128,2312,2587
17,7,298.54811695684515,2.2951070430172766,1230,1240,1249,1258,1267,1276,1285,1295,1304,1313,1322,1331,1341,1359,1377,1396,1423,1451,1487,1524,1561,1607,1653,1708,1772,1836,1891,1965,2112,2295,2571
17,8,306.0135905535,2.2911713116473997,1260,1269,1279,1288,1297,1306,1315,1324,1334,1343,1352,1361,1370,1389,1407,1425,1453,1480,1517,1553,1590,1636,1682,1737,1801,1865,1920,1993,2140,2323,2598
17,9,301.18169437535977,2.276500080240377,1241,1250,1259,1268,1277,1286,1295,1304,1313,1323,1332,1341,1350,1368,1386,1405,1432,1459,1496,1532,1568,1614,1660,1714,1778,1842,1896,1969,2115,2297,2570
17,10,296.7884516601357,2.293714060642426,1223,1233,1242,1251,1260,1269,1278,1288,1297,1306,1315,1324,1333,1352,1370,1389,1416,1444,1480,1517,1554,1600,1645,1700,1765,1829,1884,1957,2104,2288,2563
17,11,300.116539572335,2.286694056434063,1237,1246,1255,1264,1273,1282,1291,1301,1310,1319,1328,1337,1346,1365,1383,1401,1429,1456,1493,1529,1566,1612,1657,1712,1776,1840,1895,1968,2115,2298,2572
18,0,266.13197670194756,2.3277757971134485,1101,1111,1120,1129,1139,1148,1157,1166,1176,1185,1194,1204,1213,1232,1250,1269,1297,1325,1362,1399,1436,1483,1530,1585,1651,1716,1772,1846,1995,2181,2461
18,1,262.99706128958945,2.3407413587535126,1089,1098,1108,1117,1126,1136,1145,1154,1164,1173,1183,1192,1201,1220,1239,1257,1286,1314,1351,1389,1426,1473,1520,1576,1641,1707,1763,1838,1988,2175,2456
18,2,270.6801980486757,2.3333197848177862,1120,1129,1138,1148,1157,1166,1176,1185,1194,1204,1213,1222,1232,1250,1269,1288,1316,1344,1381,1418,1456,1502,1549,1605,1670,1736,1792,1866,2016,2202,2482
18,3,270.30128340428627,2.3272232094281597,1118,1127,1137,1146,1155,1164,1174,1183,1192,1202,1211,1220,1230,1248,1267,1286,1313,1341,1379,1416,1453,1500,1546,1602,1667,1732,1788,1863,2012,2198,2477
18,4,274.87727976497956,2.3458980731918953,1137,1146,1155,1165,1174,1183,1193,1202,1212,1221,1230,1240,1249,1268,1287,1305,1334,1362,1399,1437,1474,1521,1568,1624,1690,1756,1812,1887,2037,2225,2507
18,5,267.5229220500315,2.3366771909153066,1107,1116,1126,1135,1144,1154,1163,1172,1182,1191,1200,1210,1219,1238,1257,1275,1303,1331,1369,1406,1443,1490,1537,1593,1658,1724,1780,1855,2004,2191,2472
18,6,267.09983997847775,2.3364178201809853,1105,1115,1124,1133,1143,1152,1161,1171,1180,1189,1199,1208,1217,1236,1255,1274,1302,1330,1367,1404,1442,1488,1535,1591,1657,1722,1778,1853,2002,2189,2470
18,7,268.26651681029784,2.3514613779812463,1110,1120,1129,1138,1148,1157,1167,1176,1185,1195,1204,1214,1223,1242,1261,1279,1308,1336,1374,1411,1449,1496,1543,1599,1665,1731,1787,1863,2013,2201,2483
18,8,280.0976109432757,2.3569439376107217,1158,1167,1176,1186,1195,1205,1214,1224,1233,1242,1252,1261,1271,1290,1308,1327,1356,1384,1422,1459,1497,1544,1591,1648,1714,1780,1836,1912,2063,2251,2534
18,9,277.8223615485352,2.3327766563965944,1148,1157,1167,1176,1185,1195,1204,1213,1223,1232,1241,1251,1260,1279,1297,1316,1344,1372,1409,1447,1484,1531,1577,1633,1699,1764,1820,1895,2044,2231,2510
18,10,273.6491676969222,2.343219159582098,1132,1141,1150,1160,1169,1178,1188,1197,1207,1216,1225,1235,1244,1263,1282,1300,1328,1357,1394,1432,1469,1516,1563,1619,1685,1750,1806,1881,2031,2219,2500
18,11,276.90864265314156,2.328489488061955,1144,1154,1163,1172,1182,1191,1200,1210,1219,1228,1238,1247,1256,1275,1293,1312,1340,1368,1405,1442,1480,1526,1573,1629,1694,1759,1815,1890,2039,2225,2504
19,0,291.7544570521695,2.319848268264871,1204,1213,1222,1231,1241,1250,1259,1269,1278,1287,1296,1306,1315,1334,1352,1371,1399,1426,1463,1501,1538,1584,1630,1686,1751,1816,1872,1946,2094,2280,2558
19,1,290.11237921189314,2.317335445658225,1197,1206,1216,1225,1234,1243,1253,1262,1271,1280,1290,1299,1308,1327,1345,1364,1392,1419,1457,1494,1531,1577,1623,1679,1744,1809,1864,1939,2087,2272,2550
19,2,290.4386614754571,2.301636578723722,1198,1207,1216,1226,1235,1244,1253,1263,1272,1281,1290,1299,1309,1327,1345,1364,1391,1419,1456,1493,1530,1576,1622,1677,1741,1806,1861,1935,2082,2266,2542
19,3,296.83160166887217,2.3247414712957486,1224,1233,1243,1252,1261,1271,1280,1289,1298,1308,1317,1326,1336,1354,1373,1391,1419,1447,1484,1522,1559,1605,1652,1708,1773,1838,1894,1968,2117,2303,2582
19,4,281.83136299962297,2.303413224845261,1164,1173,1182,1191,1201,1210,1219,1228,1237,1247,1256,1265,1274,1293,1311,1330,1357,1385,1422,1459,1495,1541,1588,1643,1707,1772,1827,1901,2048,2232,2509
19,5,297.678330941528,2.3304400744879006,1228,1237,1246,1255,1265,1274,1283,1293,1302,1311,1321,1330,1339,1358,1377,1395,1423,1451,1489,1526,1563,1610,1656,1712,1777,1843,1899,1973,2122,2309,2588
19,6,294.1274365888027,2.3181402131290993,1213,1222,1232,1241,1250,1259,1269,1278,1287,1297,1306,1315,1324,1343,1361,1380,1408,1436,1473,1510,1547,1593,1640,1695,1760,1825,1881,1955,2103,2289,2567
19,7,297.16542077745675,2.3387371952123983,1226,1235,1244,1254,1263,1272,1282,1291,1300,1310,1319,1328,1338,1357,1375,1394,1422,1450,1488,1525,1562,1609,1656,1712,1778,1843,1899,1974,2124,2311,2591
19,8,299.24779766868795,2.3387646886052,1234,1243,1253,1262,1271,1281,1290,1299,1309,1318,1327,1337,1346,1365,1384,1402,1430,1458,1496,1533,1571,1617,1664,1720,1786,1851,1907,1982,2132,2319,2600
19,9,296.5105242850542,2.324052410960624,1223,1232,1241,1251,1260,1269,1279,1288,1297,1306,1316,1325,1334,1353,1371,1390,1418,1446,1483,1520,1557,1604,1650,1706,1771,1836,1892,1966,2115,2301,2580
19,10,286.99748558636406,2.319284750591472,1185,1194,1203,1212,1222,1231,1240,1250,1259,1268,1277,1287,1296,1314,1333,1352,1379,1407,1444,1481,1519,1565,1611,1667,1732,1797,1853,1927,2075,2261,2539
19,11,290.39456070335837,2.29259245831666,1198,1207,1216,1225,1234,1244,1253,1262,1271,1280,1289,1299,1308,1326,1344,1363,1390,1418,1455,1491,1528,1574,1620,1675,1739,1803,1858,1931,2078,2262,2537
20,0,265.35928927889756,2.3271042641257353,1098,1107,1117,1126,1135,1145,1154,1163,1173,1182,1191,1201,1210,1228,1247,1266,1294,1322,1359,1396,1433,1480,1526,1582,1647,1713,1768,1843,1992,2178,2457
20,1,274.16940904523995,2.335057254034129,1134,1143,1152,1162,1171,1180,1190,1199,1208,1218,1227,1236,1246,1264,1283,1302,1330,1358,1395,1432,1470,1516,1563,1619,1685,1750,1806,1881,2030,2217,2497
20,2,265.668577302548,2.322141655633196,1099,1109,1118,1127,1136,1146,1155,1164,1174,1183,1192,1202,1211,1229,1248,1267,1294,1322,1359,1397,1434,1480,1527,1582,1647,1712,1768,1842,1991,2177,2455
20,3,263.9223443586699,2.3209961189062556,1092,1102,1111,1120,1129,1139,1148,1157,1167,1176,1185,1194,1204,1222,1241,1259,1287,1315,1352,1389,1427,1473,1519,1575,1640,1705,1761,1835,1984,2169,2448
20,4,267.5807214286257,2.320875065000453,1107,1116,1126,1135,1144,1153,1163,1172,1181,1191,1200,1209,1218,1237,1255,1274,1302,1330,1367,1404,1441,1488,1534,1590,1655,1720,1775,1850,1998,2184,2462
20,5,257.6697887562618,2.3256082852181006,1067,1077,1086,1095,1105,1114,1123,1133,1142,1151,1160,1170,1179,1198,1216,1235,1263,1291,1328,1365,1402,1449,1495,1551,1616,1681,1737,1812,1960,2146,2426
20,6,265.90023205904805,2.3095946125196303,1100,1109,1119,1128,1137,1146,1155,1165,1174,1183,1192,1202,1211,1229,1248,1266,1294,1322,1359,1396,1433,1479,1525,1580,1645,1710,1765,1839,1987,2172,2449
20,7,269.79444371555263,2.3260293948475854,1116,1125,1135,1144,1153,1162,1172,1181,1190,1200,1209,1218,1228,1246,1265,1283,1311,1339,1376,1414,1451,1497,1544,1600,1665,1730,1786,1860,2009,2195,2474
20,8,270.96993945169396,2.331382964441125,1121,1130,1139,1149,1158,1167,1177,1186,1195,1205,1214,1223,1233,1251,1270,1289,1317,1344,1382,1419,1456,1503,1550,1606,1671,1736,1792,1867,2016,2202,2482
20,9,275.5722025501739,2.3335021733200265,1139,1148,1158,1167,1176,1186,1195,1204,1214,1223,1232,1242,1251,1270,1288,1307,1335,1363,1400,1438,1475,1522,1568,1624,1690,1755,1811,1886,2035,2222,2502
20,10,255.93401097864682,2.3352554403172574,1061,1070,1079,1089,1098,1107,1117,1126,1135,1145,1154,1163,1173,1191,1210,1229,1257,1285,1322,1360,1397,1444,1490,1546,1612,1677,1733,1808,1957,2144,2424
20,11,260.7600981242711,2.3330957860975636,1080,1089,1099,1108,1117,1127,1136,1145,1155,1164,1173,1183,1192,1211,1229,1248,1276,1304,1341,1379,1416,1462,1509,1565,1630,1696,1752,1826,1976,2162,2442
21,0,300.3260306024843,2.3161585111252805,1238,1247,1256,1266,1275,1284,1293,1303,1312,1321,1331,1340,1349,1368,1386,1405,1432,1460,1497,1534,1571,1618,1664,1720,1784,1849,1905,1979,2127,2313,2590
21,1,284.733770742609,2.3150859531952013,1175,1185,1194,1203,1213,1222,1231,1240,1250,1259,1268,1277,1287,1305,1324,1342,1370,1398,1435,1472,1509,1555,1601,1657,1722,1787,1842,1916,2064,2250,2527
21,2,304.3640766443353,2.3232204959925444,1254,1263,1273,1282,1291,1301,1310,1319,1328,1338,1347,1356,1366,1384,1403,1421,1449,1477,1514,1552,1589,1635,1682,1737,1802,1867,1923,1998,2146,2332,2611
21,3,292.14559399321587,2.336654216731339,1205,1215,1224,1234,1243,1252,1262,1271,1280,1290,1299,1308,1318,1336,1355,1374,1402,1430,1467,1505,1542,1589,1635,1691,1757,1822,1878,1953,2103,2290,2570
21,4,294.49634423251376,2.325777154078631,1215,1224,1233,1243,1252,1261,1271,1280,1289,1298,1308,1317,1326,1345,1364,1382,1410,1438,1475,1512,1550,1596,1643,1698,1764,1829,1885,1959,2108,2294,2573
21,5,300.3453812849794,2.307397310036614,1238,1247,1256,1265,1275,1284,1293,1302,1312,1321,1330,1339,1349,1367,1385,1404,1432,1459,1496,1533,1570,1616,1662,1718,1782,1847,1902,1976,2124,2308,2585
21,6,294.616798685858,2.3265431201423836,1215,1224,1234,1243,1252,1262,1271,1280,1290,1299,1308,1318,1327,1345,1364,1383,1411,1439,1476,1513,1550,1597,1643,1699,1764,1829,1885,1960,2109,2295,2574
21,7,292.83795368020856,2.3203309827514818,1208,1217,1227,1236,1245,1254,1264,1273,1282,1292,1301,1310,1319,1338,1356,1375,1403,1431,1468,1505,1542,1589,1635,1691,1756,1821,1876,1950,2099,2285,2563
21,8,297.92966989498336,2.322296787463649,1228,1238,1247,1256,1266,1275,1284,1293,1303,1312,1321,1331,1340,1358,1377,1396,1423,1451,1488,1526,1563,1609,1656,1711,1776,1841,1897,1972,2120,2306,2585
21,9,293.5063187984173,2.3139714342793005,1211,1220,1229,1238,1248,1257,1266,1275,1285,1294,1303,1312,1322,1340,1359,1377,1405,1433,1470,1507,1544,1590,1636,1692,1757,1821,1877,1951,2099,2284,2562
21,10,304.4206657385569,2.325283187788489,1254,1264,1273,1282,1292,1301,1310,1319,1329,1338,1347,1357,1366,1385,1403,1422,1450,1478,1515,1552,1589,1636,1682,1738,1803,1868,1924,1998,2147,2333,2612
21,11,286.3246931494568,2.319272814822643,1182,1191,1200,1210,1219,1228,1238,1247,1256,1265,1275,1284,1293,1312,1330,1349,1377,1405,1442,1479,1516,1562,1609,1664,1729,1794,1850,1924,2073,2258,2536
22,0,303.41681532677956,2.315583131202955,1250,1259,1269,1278,1287,1297,1306,1315,1324,1334,1343,1352,1361,1380,1398,1417,1445,1473,1510,1547,1584,1630,1676,1732,1797,1862,1917,1991,2139,2325,2603
22,1,301.9330720390367,2.306537054408686,1244,1253,1263,1272,1281,1290,1299,1309,1318,1327,1336,1346,1355,1373,1392,1410,1438,1466,1502,1539,1576,1622,1669,1724,1788,1853,1908,1982,2130,2314,2591
22,2,313.8660208781151,2.3095499078813684,1292,1301,1310,1320,1329,1338,1347,1357,1366,1375,1384,1394,1403,1421,1440,1458,1486,1514,1551,1588,1624,1671,1717,1772,1837,1902,1957,2031,2179,2364,2641
22,3,314.21001661339267,2.299117918674149,1293,1302,1312,1321,1330,1339,1348,1358,1367,1376,1385,1394,1403,1422,1440,1459,1486,1514,1551,1587,1624,1670,1716,1771,1836,1900,1955,2029,2176,2360,2636
22,4,298.69458184297486,2.3230656655046653,1231,1241,1250,1259,1269,1278,1287,1296,1306,1315,1324,1334,1343,1362,1380,1399,1427,1454,1492,1529,1566,1612,1659,1715,1780,1845,1900,1975,2124,2309,2588
22,5,293.6422919054294,2.3005291027949313,1211,1220,1229,1238,1248,1257,1266,1275,1284,1294,1303,1312,1321,1340,1358,1377,1404,1432,1469,1505,1542,1588,1634,1689,1754,1818,1873,1947,2094,2278,2554
22,6,312.72130764165297,2.303616364026308,1287,1296,1306,1315,1324,1333,1343,1352,1361,1370,1379,1389,1398,1416,1435,1453,1481,1508,1545,1582,1619,1665,1711,1766,1831,1895,1951,2024,2172,2356,2633
22,7,308.8601217176396,2.3353529142854943,1272,1282,1291,1300,1310,1319,1328,1338,1347,1356,1366,1375,1384,1403,1422,1440,1468,1497,1534,1571,1609,1655,1702,1758,1823,1889,1945,2020,2169,2356,2636
22,8,311.3963949885184,2.312665154619225,1282,1291,1301,1310,1319,1328,1338,1347,1356,1365,1375,1384,1393,1412,1430,1449,1476,1504,1541,1578,1615,1661,1708,1763,1828,1893,1948,2022,2170,2355,2633
22,9,307.1011727262515,2.318078955804831,1265,1274,1284,1293,1302,1311,1321,1330,1339,1348,1358,1367,1376,1395,1413,1432,1460,1488,1525,1562,1599,1645,1692,1747,1812,1877,1933,2007,2155,2341,2619
22,10,300.70247720801257,2.3196884204084505,1239,1249,1258,1267,1277,1286,1295,1304,1314,1323,1332,1341,1351,1369,1388,1406,1434,1462,1499,1536,1573,1620,1666,1722,1787,1852,1907,1982,2130,2316,2594
22,11,306.99968615804477,2.297749642352404,1264,1273,1283,1292,1301,1310,1319,1329,1338,1347,1356,1365,1375,1393,1411,1430,1457,1485,1522,1558,1595,1641,1687,1742,1807,1871,1926,2000,2147,2330,2606
23,0,296.9379414092077,2.29629358661236,1224,1233,1242,1252,1261,1270,1279,1288,1297,1307,1316,1325,1334,1353,1371,1389,1417,1444,1481,1518,1555,1601,1647,1702,1766,1830,1885,1959,2106,2289,2565
23,1,277.48255498761057,2.302227822508646,1146,1155,1165,1174,1183,1192,1202,1211,1220,1229,1238,1248,1257,1275,1294,1312,1340,1367,1404,1441,1478,1524,1570,1625,1690,1754,1809,1883,2030,2214,2491
23,2,295.9079290972949,2.2969960601401183,1220,1229,1238,1247,1257,1266,1275,1284,1293,1303,1312,1321,1330,1349,1367,1385,1413,1440,1477,1514,1551,1597,1643,1698,1762,1826,1881,1955,2102,2286,2561
23,3,280.37762729989686,2.3028051547868658,1158,1167,1176,1185,1195,1204,1213,1222,1232,1241,1250,1259,1268,1287,1305,1324,1351,1379,1416,1453,1489,1536,1582,1637,1701,1766,1821,1895,2042,2226,2503
23,4,286.8031227227073,2.301372891244823,1184,1193,1202,1211,1220,1230,1239,1248,1257,1266,1276,1285,1294,1312,1331,1349,1377,1404,1441,1478,1515,1561,1607,1662,1727,1791,1846,1920,2067,2251,2528
23,5,293.4637783738799,2.2954484286526027,1210,1219,1228,1238,1247,1256,1265,1274,1284,1293,1302,1311,1320,1339,1357,1375,1403,1430,1467,1504,1541,1587,1632,1688,1752,1816,1871,1945,2092,2275,2551
23,6,281.29888763399333,2.2860134899057085,1161,1170,1180,1189,1198,1207,1216,1225,1234,1244,1253,1262,1271,1289,1308,1326,1353,1381,1417,1454,1490,1536,1582,1637,1701,1765,1820,1893,2039,2222,2496
23,7,295.09512183961823,2.305211350717099,1217,1226,1235,1244,1254,1263,1272,1281,1291,1300,1309,1318,1327,1346,1364,1383,1410,1438,1475,1512,1549,1595,1641,1696,1761,1825,1881,1954,2102,2286,2563
23,8,286.6544228715814,2.3089448041758827,1183,1192,1202,1211,1220,1229,1238,1248,1257,1266,1275,1285,1294,1312,1331,1349,1377,1405,1442,1479,1516,1562,1608,1663,1728,1793,1848,1922,2070,2254,2531
23,9,281.8953312282085,2.3159859307332917,1164,1173,1183,1192,1201,1210,1220,1229,1238,1248,1257,1266,1275,1294,1312,1331,1359,1386,1424,1461,1498,1544,1590,1646,1711,1776,1831,1905,2053,2239,2517
23,10,290.7916634332559,2.2994555343750833,1199,1209,1218,1227,1236,1245,1255,1264,1273,1282,1291,1301,1310,1328,1347,1365,1393,1420,1457,1494,1531,1577,1623,1678,1742,1807,1862,1935,2082,2266,2542
23,11,289.80246148394446,2.2876820148128783,1195,1204,1214,1223,1232,1241,1250,1259,1269,1278,1287,1296,1305,1323,1342,1360,1387,1415,1452,1488,1525,1570,1616,1671,1735,1799,1854,1927,2074,2257,2531
24,0,236.75373707066132,3.61814359822504,1004,1019,1033,1048,1062,1077,1091,1106,1120,1135,1149,1164,1178,1207,1236,1265,1308,1352,1410,1468,1525,1598,1670,1757,1858,1960,2046,2162,2394,2683,3117
24,1,286.730792184377,2.2923619249618543,1183,1192,1201,1211,1220,1229,1238,1247,1256,1266,1275,1284,1293,1311,1330,1348,1376,1403,1440,1477,1513,1559,1605,1660,1724,1788,1843,1917,2063,2247,2522
24,2,274.2225436965647,2.288911511145711,1133,1142,1151,1160,1170,1179,1188,1197,1206,1215,1225,1234,1243,1261,1280,1298,1325,1353,1389,1426,1463,1508,1554,1609,1673,1737,1792,1865,2012,2195,2470
24,3,239.00964859037282,3.512006429975834,1012,1026,1040,1054,1068,1082,1096,1110,1124,1138,1152,1166,1180,1208,1236,1265,1307,1349,1405,1461,1517,1588,1658,1742,1841,1939,2023,2136,2360,2641,3063
24,4,268.09370699206943,2.2960207981958387,1109,1118,1127,1136,1145,1155,1164,1173,1182,1191,1200,1210,1219,1237,1256,1274,1301,1329,1366,1403,1439,1485,1531,1586,1650,1715,1770,1843,1990,2174,2449
24,5,277.62547755000526,2.301236255418826,1147,1156,1165,1174,1184,1193,1202,1211,1220,1230,1239,1248,1257,1276,1294,1313,1340,1368,1405,1441,1478,1524,1570,1625,1690,1754,1810,1883,2030,2215,2491
24,6,230.15962101635546,3.883618096220401,982,998,1013,1029,1044,1060,1075,1091,1107,1122,1138,1153,1169,1200,1231,1262,1309,1355,1417,1479,1542,1619,1697,1790,1899,2008,2101,2225,2474,2784,3250
24,7,244.80605152073863,3.5743822314022404,1036,1050,1065,1079,1093,1107,1122,1136,1150,1165,1179,1193,1207,1236,1265,1293,1336,1379,1436,1493,1551,1622,1694,1779,1879,1980,2065,2180,2408,2694,3123
24,8,270.26538135670194,2.307267220417232,1117,1127,1136,1145,1154,1164,1173,1182,1191,1201,1210,1219,1228,1247,1265,1284,1311,1339,1376,1413,1450,1496,1542,1597,1662,1727,1782,1856,2003,2188,2465
24,9,282.84189456141405,2.3223472301954433,1168,1177,1187,1196,1205,1214,1224,1233,1242,1252,1261,1270,1279,1298,1317,1335,1363,1391,1428,1465,1502,1549,1595,1651,1716,1781,1837,1911,2060,2246,2524
24,10,281.6731704691409,2.3176575182134767,1163,1173,1182,1191,1200,1210,1219,1228,1237,1247,1256,1265,1275,1293,1312,1330,1358,1386,1423,1460,1497,1543,1590,1645,1710,1775,1831,1905,2053,2239,2517
24,11,285.4105044592605,2.2856425783742687,1178,1187,1196,1205,1214,1223,1233,1242,1251,1260,1269,1278,1287,1306,1324,1342,1370,1397,1434,1470,1507,1553,1598,1653,1717,1781,1836,1909,2055,2238,2513
25,0,289.1129998488989,2.352301329115923,1194,1203,1212,1222,1231,1241,1250,1259,1269,1278,1288,1297,1306,1325,1344,1363,1391,1419,1457,1495,1532,1579,1626,1683,1749,1815,1871,1946,2097,2285,2567
25,1,256.14779799688296,3.432256868650301,1079,1093,1106,1120,1134,1148,1161,1175,1189,1203,1216,1230,1244,1271,1299,1326,1367,1409,1463,1518,1573,1642,1711,1793,1889,1985,2067,2177,2397,2672,3083
25,2,284.38618966146305,2.3196151511817376,1174,1183,1193,1202,1211,1221,1230,1239,1248,1258,1267,1276,1286,1304,1323,1341,1369,1397,1434,1471,1508,1555,1601,1657,1722,1787,1842,1916,2065,2250,2529
25,3,256.8833042503232,3.3420223750917435,1081,1094,1107,1121,1134,1147,1161,1174,1187,1201,1214,1228,1241,1268,1294,1321,1361,1401,1455,1508,1562,1629,1695,1776,1869,1963,2043,2150,2364,2631,3032
25,4,293.7058745480691,2.3383246615452222,1212,1221,1230,1240,1249,1259,1268,1277,1287,1296,1305,1315,1324,1343,1361,1380,1408,1436,1474,1511,1548,1595,1642,1698,1764,1829,1885,1960,2110,2297,2577
25,5,306.34800738632134,2.353307417707577,1263,1272,1281,1291,1300,1310,1319,1328,1338,1347,1357,1366,1376,1394,1413,1432,1460,1488,1526,1564,1601,1648,1696,1752,1818,1884,1940,2016,2166,2354,2637
25,6,285.16281363701074,2.3472203940587506,1178,1187,1196,1206,1215,1225,1234,1243,1253,1262,1272,1281,1290,1309,1328,1347,1375,1403,1441,1478,1516,1563,1610,1666,1732,1797,1854,1929,2079,2267,2548
25,7,290.52238034879224,2.3542330002153466,1199,1209,1218,1228,1237,1246,1256,1265,1275,1284,1293,1303,1312,1331,1350,1369,1397,1425,1463,1501,1538,1585,1632,1689,1755,1821,1877,1953,2103,2292,2574
25,8,271.3476111995253,2.369027199318849,1123,1132,1142,1151,1161,1170,1180,1189,1199,1208,1218,1227,1237,1255,1274,1293,1322,1350,1388,1426,1464,1511,1559,1616,1682,1748,1805,1881,2033,2222,2506
25,9,292.7418932961444,2.3651038834950264,1208,1218,1227,1237,1246,1256,1265,1275,1284,1293,1303,1312,1322,1341,1360,1379,1407,1435,1473,1511,1549,1596,1643,1700,1766,1833,1889,1965,2117,2306,2590
25,10,274.1683722510252,2.3647393010203084,1134,1143,1153,1162,1172,1181,1191,1200,1210,1219,1229,1238,1248,1266,1285,1304,1333,1361,1399,1437,1475,1522,1569,1626,1692,1758,1815,1891,2042,2231,2515
25,11,267.40245028464847,2.3662355650552063,1107,1116,1126,1135,1145,1154,1164,1173,1183,1192,1202,1211,1221,1239,1258,1277,1306,1334,1372,1410,1448,1495,1542,1599,1665,1732,1788,1864,2016,2205,2489
26,0,215.26271967600948,3.6450537011234228,919,933,948,963,977,992,1006,1021,1036,1050,1065,1079,1094,1123,1152,1181,1225,1269,1327,1385,1444,1517,1590,1677,1779,1881,1969,2085,2319,2610,3048
26,1,256.42457041693666,2.314056269808139,1062,1071,1081,1090,1099,1109,1118,1127,1136,1146,1155,1164,1173,1192,1210,1229,1257,1284,1321,1358,1395,1442,1488,1544,1608,1673,1729,1803,1951,2136,2414
26,2,264.5237340230535,2.294986153941251,1094,1103,1113,1122,1131,1140,1149,1159,1168,1177,1186,1195,1204,1223,1241,1260,1287,1315,1351,1388,1425,1471,1517,1572,1636,1700,1755,1829,1976,2159,2435
26,3,253.67804039361528,2.301991232268881,1051,1060,1069,1079,1088,1097,1106,1115,1125,1134,1143,1152,1162,1180,1198,1217,1244,1272,1309,1346,1383,1429,1475,1530,1594,1659,1714,1788,1935,2119,2395
26,4,263.5282832080763,2.298898028750544,1090,1100,1109,1118,1127,1136,1146,1155,1164,1173,1182,1192,1201,1219,1238,1256,1284,1311,1348,1385,1421,1467,1513,1569,1633,1697,1752,1826,1973,2157,2433
26,5,262.45669344708614,2.2996240642429115,1086,1095,1105,1114,1123,1132,1141,1151,1160,1169,1178,1187,1197,1215,1233,1252,1279,1307,1344,1380,1417,1463,1509,1564,1629,1693,1748,1822,1969,2153,2429
26,6,255.04908437954836,2.2904916243664237,1056,1066,1075,1084,1093,1102,1111,1120,1130,1139,1148,1157,1166,1185,1203,1221,1249,1276,1313,1350,1386,1432,1478,1533,1597,1661,1716,1789,1936,2119,2394
26,7,173.17996610520288,4.288975020367382,761,778,795,812,829,847,864,881,898,915,932,950,967,1001,1035,1070,1121,1173,1241,1310,1378,1464,1550,1653,1773,1893,1996,2133,2408,2751,3266
26,8,251.5138627859927,2.3049347978198833,1042,1052,1061,1070,1079,1089,1098,1107,1116,1125,1135,1144,1153,1172,1190,1208,1236,1264,1301,1337,1374,1420,1467,1522,1586,1651,1706,1780,1928,2112,2389
26,9,252.1298974998853,2.321889786820308,1045,1054,1064,1073,1082,1092,1101,1110,1119,1129,1138,1147,1157,1175,1194,1212,1240,1268,1305,1342,1380,1426,1472,1528,1593,1658,1714,1788,1937,2123,2401
26,10,256.05544664339203,2.3147825745778747,1061,1070,1079,1089,1098,1107,1116,1126,1135,1144,1153,1163,1172,1190,1209,1227,1255,1283,1320,1357,1394,1440,1487,1542,1607,1672,1727,1801,1950,2135,2413
26,11,253.60051365102356,2.2899078182866877,1051,1060,1069,1078,1087,1096,1105,1115,1124,1133,1142,1151,1160,1179,1197,1215,1243,1270,1307,1344,1380,1426,1472,1527,1591,1655,1710,1783,1930,2113,2388
27,0,305.0523418760974,2.32013161744073,1257,1266,1275,1285,1294,1303,1313,1322,1331,1340,1350,1359,1368,1387,1405,1424,1452,1480,1517,1554,1591,1637,1684,1739,1804,1869,1925,1999,2148,2333,2612
27,1,260.5881953372573,3.2839020398424448,1094,1108,1121,1134,1147,1160,1173,1186,1199,1213,1226,1239,1252,1278,1305,1331,1370,1410,1462,1515,1567,1633,1699,1777,1869,1961,2040,2145,2355,2618,3012
27,2,293.5014375314414,2.3100228643720975,1210,1220,1229,1238,1247,1257,1266,1275,1284,1294,1303,1312,1321,1340,1358,1377,1405,1432,1469,1506,1543,1589,1636,1691,1756,1820,1876,1950,2098,2282,2560
27,3,286.11926633321326,2.312223737350479,1181,1190,1199,1209,1218,1227,1236,1246,1255,1264,1273,1283,1292,1310,1329,1347,1375,1403,1440,1477,1514,1560,1606,1662,1727,1791,1847,1921,2069,2254,2531
27,4,293.7151021213203,2.2988181237274063,1211,1220,1230,1239,1248,1257,1266,1276,1285,1294,1303,1312,1321,1340,1358,1377,1404,1432,1469,1505,1542,1588,1634,1689,1754,1818,1873,1947,2094,2278,2554
27,5,302.93336233252,2.306302397428924,1248,1257,1267,1276,1285,1294,1303,1313,1322,1331,1340,1350,1359,1377,1396,1414,1442,1470,1506,1543,1580,1626,1672,1728,1792,1857,1912,1986,2134,2318,2595
27,6,288.7117436466538,2.3028483332302296,1191,1200,1210,1219,1228,1237,1246,1256,1265,1274,1283,1293,1302,1320,1339,1357,1385,1412,1449,1486,1523,1569,1615,1670,1735,1799,1854,1928,2075,2260,2536
27,7,287.2584605907929,2.318524454234478,1186,1195,1204,1213,1223,1232,1241,1251,1260,1269,1278,1288,1297,1315,1334,1353,1380,1408,1445,1482,1519,1566,1612,1668,1733,1798,1853,1928,2076,2261,2540
27,8,294.37088700464244,2.308798282103279,1214,1223,1232,1242,1251,1260,1269,1279,1288,1297,1306,1316,1325,1343,1362,1380,1408,1436,1473,1509,1546,1593,1639,1694,1759,1823,1879,1953,2101,2285,2562
27,9,282.07259856064087,2.310396086546161,1165,1174,1183,1192,1202,1211,1220,1229,1239,1248,1257,1266,1276,1294,1313,1331,1359,1387,1424,1460,1497,1544,1590,1645,1710,1775,1830,1904,2052,2237,2514
27,10,300.33831236067044,2.302218181775004,1238,1247,1256,1265,1275,1284,1293,1302,1311,1321,1330,1339,1348,1367,1385,1403,1431,1459,1496,1532,1569,1615,1661,1717,1781,1845,1901,1974,2122,2306,2582
27,11,294.7232152547784,2.303391917398435,1215,1224,1234,1243,1252,1261,1271,1280,1289,1298,1307,1317,1326,1344,1363,1381,1409,1436,1473,1510,1547,1593,1639,1694,1759,1823,1879,1952,2100,2284,2560
28,0,281.8351984667833,2.330052206042871,1164,1173,1183,1192,1201,1211,1220,1229,1239,1248,1257,1267,1276,1295,1313,1332,1360,1388,1425,1462,1500,1546,1593,1649,1714,1779,1835,1910,2059,2245,2525
28,1,273.8650676796266,2.3379183131248573,1132,1142,1151,1160,1170,1179,1188,1198,1207,1217,1226,1235,1245,1263,1282,1301,1329,1357,1394,1432,1469,1516,1563,1619,1684,1750,1806,1881,2030,2217,2498
28,2,282.5142747292305,2.3006114752830924,1166,1176,1185,1194,1203,1212,1222,1231,1240,1249,1258,1268,1277,1295,1314,1332,1360,1387,1424,1461,1498,1544,1590,1645,1709,1774,1829,1903,2050,2234,2510
28,3,276.9438119931096,2.329536248994652,1145,1154,1163,1173,1182,1191,1200,1210,1219,1228,1238,1247,1256,1275,1294,1312,1340,1368,1405,1443,1480,1527,1573,1629,1694,1760,1815,1890,2039,2225,2505
28,4,282.52617298777636,2.326527232363034,1167,1176,1185,1195,1204,1213,1223,1232,1241,1251,1260,1269,1279,1297,1316,1334,1362,1390,1427,1465,1502,1548,1595,1651,1716,1781,1837,1911,2060,2246,2526
28,5,280.5168581869865,2.332181919724831,1159,1168,1178,1187,1196,1206,1215,1224,1234,1243,1252,1261,1271,1289,1308,1327,1355,1383,1420,1457,1495,1541,1588,1644,1709,1775,1831,1905,2054,2241,2521
28,6,284.2207558018472,2.3187562871712664,1173,1183,1192,1201,1211,1220,1229,1238,1248,1257,1266,1276,1285,1303,1322,1340,1368,1396,1433,1470,1507,1554,1600,1656,1721,1786,1841,1915,2064,2249,2528
28,7,275.0012188741719,2.335054449151642,1137,1146,1156,1165,1174,1184,1193,1202,1212,1221,1230,1240,1249,1268,1286,1305,1333,1361,1398,1436,1473,1520,1567,1623,1688,1753,1809,1884,2034,2220,2501
28,8,268.48334715209876,2.3220727859085097,1111,1120,1129,1138,1148,1157,1166,1176,1185,1194,1203,1213,1222,1241,1259,1278,1306,1334,1371,1408,1445,1491,1538,1594,1659,1724,1779,1854,2002,2188,2467
28,9,277.1995848978733,2.34992512087212,1146,1155,1165,1174,1183,1193,1202,1212,1221,1230,1240,1249,1259,1277,1296,1315,1343,1371,1409,1447,1484,1531,1578,1635,1700,1766,1823,1898,2048,2236,2518
28,10,277.76529557372874,2.321836856196756,1148,1157,1166,1176,1185,1194,1203,1213,1222,1231,1241,1250,1259,1278,1296,1315,1343,1371,1408,1445,1482,1528,1575,1631,1696,1761,1816,1891,2039,2225,2504
28,11,278.76598189836403,2.3307628292805402,1152,1161,1171,1180,1189,1198,1208,1217,1226,1236,1245,1254,1264,1282,1301,1320,1348,1376,1413,1450,1487,1534,1581,1637,1702,1767,1823,1898,2047,2233,2513
29,0,271.5407187446024,2.335811094369434,1123,1132,1142,1151,1160,1170,1179,1188,1198,1207,1216,1226,1235,1254,1273,1291,1319,1347,1385,1422,1459,1506,1553,1609,1674,1740,1796,1870,2020,2207,2487
29,1,281.852625407371,2.3265573067771093,1164,1173,1183,1192,1201,1211,1220,1229,1239,1248,1257,1267,1276,1294,1313,1332,1360,1387,1425,1462,1499,1546,1592,1648,1713,1778,1834,1909,2058,2244,2523
29,2,274.65885687644123,2.3226470173140217,1135,1145,1154,1163,1172,1182,1191,1200,1210,1219,1228,1237,1247,1265,1284,1303,1330,1358,1395,1433,1470,1516,1563,1618,1683,1748,1804,1879,2027,2213,2492
29,3,274.145842670788,2.30474640847041,1133,1142,1151,1161,1170,1179,1188,1197,1207,1216,1225,1234,1244,1262,1280,1299,1327,1354,1391,1428,1465,1511,1557,1612,1677,1741,1797,1870,2018,2202,2479
29,4,276.61139659461946,2.32405138841849,1143,1152,1162,1171,1180,1190,1199,1208,1218,1227,1236,1245,1255,1273,1292,1310,1338,1366,1403,1441,1478,1524,1571,1627,1692,1757,1812,1887,2036,2221,2500
29,5,276.47694582558285,2.3122381887549635,1142,1152,1161,1170,1179,1189,1198,1207,1216,1226,1235,1244,1253,1272,1290,1309,1337,1364,1401,1438,1475,1522,1568,1623,1688,1753,1808,1882,2030,2215,2493
29,6,292.9388063188141,2.312718903472059,1208,1218,1227,1236,1245,1255,1264,1273,1282,1292,1301,1310,1319,1338,1356,1375,1403,1430,1467,1504,1541,1588,1634,1689,1754,1819,1874,1948,2096,2281,2559
29,7,273.26212755453355,2.320559722119069,1130,1139,1148,1158,1167,1176,1185,1195,1204,1213,1222,1232,1241,1260,1278,1297,1325,1352,1390,1427,1464,1510,1557,1612,1677,1742,1798,1872,2021,2206,2485
29,8,267.7004002341385,2.329797103508246,1108,1117,1126,1136,1145,1154,1163,1173,1182,1191,1201,1210,1219,1238,1257,1275,1303,1331,1369,1406,1443,1490,1536,1592,1657,1723,1779,1853,2002,2189,2468
29,9,279.89479096495455,2.312419904161389,1156,1165,1175,1184,1193,1202,1212,1221,1230,1239,1249,1258,1267,1286,1304,1323,1350,1378,1415,1452,1489,1535,1582,1637,1702,1767,1822,1896,2044,2229,2507
29,10,272.4629022421665,2.3082799876969795,1126,1136,1145,1154,1163,1172,1182,1191,1200,1209,1219,1228,1237,1256,1274,1292,1320,1348,1385,1422,1459,1505,1551,1606,1671,1736,1791,1865,2013,2197,2474
29,11,283.08331437737473,2.299850416180951,1169,1178,1187,1196,1205,1215,1224,1233,1242,1251,1261,1270,1279,1297,1316,1334,1362,1389,1426,1463,1500,1546,1592,1647,1711,1776,1831,1905,2052,2236,2512
30,0,204.7314708104016,3.9040661248829527,881,897,912,928,943,959,975,990,1006,1021,1037,1053,1068,1100,1131,1162,1209,1256,1318,1381,1443,1521,1599,1693,1802,1912,2005,2130,2380,2692,3161
30,1,208.3469884681084,4.0531886616980595,898,914,930,946,963,979,995,1011,1027,1044,1060,1076,1092,1125,1157,1190,1238,1287,1352,1417,1481,1562,1644,1741,1854,1968,2065,2195,2454,2778,3265
30,2,270.33004271768965,2.3259960691364086,1118,1127,1137,1146,1155,1165,1174,1183,1192,1202,1211,1220,1230,1248,1267,1286,1313,1341,1379,1416,1453,1499,1546,1602,1667,1732,1788,1862,2011,2197,2476
30,3,200.31240948810415,3.9971598860320356,865,881,897,913,929,945,961,977,993,1009,1025,1041,1057,1089,1121,1152,1200,1248,1312,1376,1440,1520,1600,1696,1808,1920,2016,2144,2400,2719,3199
30,4,224.15154154430627,3.6364382357641993,954,969,983,998,1012,1027,1042,1056,1071,1085,1100,1114,1129,1158,1187,1216,1260,1303,1362,1420,1478,1551,1623,1711,1812,1914,2002,2118,2351,2642,3078
30,5,221.63513011520834,3.621398238129086,944,958,973,987,1002,1016,1031,1045,1060,1074,1089,1103,1118,1147,1176,1205,1248,1292,1350,1408,1465,1538,1610,1697,1799,1900,1987,2103,2335,2624,3059
30,6,255.44723503042076,2.311110583426406,1058,1068,1077,1086,1095,1104,1114,1123,1132,1141,1151,1160,1169,1188,1206,1225,1252,1280,1317,1354,1391,1437,1484,1539,1604,1668,1724,1798,1946,2131,2408
30,7,268.2600697153898,2.32863484897789,1110,1119,1128,1138,1147,1156,1166,1175,1184,1194,1203,1212,1222,1240,1259,1277,1305,1333,1371,1408,1445,1492,1538,1594,1659,1725,1780,1855,2004,2190,2470
30,8,269.36168427924673,2.3316564485408326,1114,1124,1133,1142,1152,1161,1170,1180,1189,1198,1208,1217,1226,1245,1263,1282,1310,1338,1375,1413,1450,1497,1543,1599,1665,1730,1786,1860,2010,2196,2476
30,9,246.37439712911063,2.3141129214853637,1022,1031,1041,1050,1059,1068,1078,1087,1096,1105,1115,1124,1133,1152,1170,1189,1216,1244,1281,1318,1355,1402,1448,1503,1568,1633,1688,1763,1911,2096,2373
30,10,263.39861464581213,2.316752294079333,1090,1099,1109,1118,1127,1136,1146,1155,1164,1174,1183,1192,1201,1220,1238,1257,1285,1313,1350,1387,1424,1470,1516,1572,1637,1702,1757,1832,1980,2165,2443
30,11,270.1220217220332,2.323089129916659,1117,1126,1136,1145,1154,1164,1173,1182,1191,1201,1210,1219,1229,1247,1266,1284,1312,1340,1377,1415,1452,1498,1545,1600,1665,1730,1786,1861,2009,2195,2474
31,0,294.1711700549101,2.2999304483710676,1213,1222,1231,1241,1250,1259,1268,1277,1287,1296,1305,1314,1323,1342,1360,1379,1406,1434,1471,1507,1544,1590,1636,1691,1756,1820,1875,1949,2096,2280,2556
31,1,310.7503510454095,2.314694226675142,1280,1289,1298,1307,1317,1326,1335,1344,1354,1363,1372,1381,1391,1409,1428,1446,1474,1502,1539,1576,1613,1659,1705,1761,1826,1891,1946,2020,2168,2354,2631
31,2,298.1513465127863,2.3160710048301283,1229,1238,1248,1257,1266,1275,1285,1294,1303,1313,1322,1331,1340,1359,1377,1396,1424,1452,1489,1526,1563,1609,1655,1711,1776,1841,1896,1970,2119,2304,2582
31,3,289.78032773321974,2.3214187570801386,1196,1205,1214,1224,1233,1242,1251,1261,1270,1279,1289,1298,1307,1326,1344,1363,1391,1419,1456,1493,1530,1576,1623,1679,1744,1809,1864,1939,2087,2273,2551
31,4,293.72962124841087,2.320095435266101,1212,1221,1230,1239,1249,1258,1267,1277,1286,1295,1304,1314,1323,1341,1360,1379,1406,1434,1471,1509,1546,1592,1638,1694,1759,1824,1880,1954,2102,2288,2566
31,5,288.5857623044775,2.314867449504594,1191,1200,1209,1219,1228,1237,1246,1256,1265,1274,1283,1293,1302,1321,1339,1358,1385,1413,1450,1487,1524,1571,1617,1672,1737,1802,1858,1932,2080,2265,2543
31,6,297.6467205012638,2.3180427567348523,1227,1236,1246,1255,1264,1274,1283,1292,1301,1311,1320,1329,1338,1357,1376,1394,1422,1450,1487,1524,1561,1607,1654,1709,1774,1839,1895,1969,2117,2303,2581
31,7,302.87898466689546,2.343728548046169,1249,1258,1267,1277,1286,1295,1305,1314,1324,1333,1342,1352,1361,1380,1399,1417,1445,1474,1511,1549,1586,1633,1680,1736,1802,1867,1924,1999,2149,2336,2617
31,8,292.56290537168735,2.3373423031387053,1207,1216,1226,1235,1245,1254,1263,1273,1282,1291,1301,1310,1319,1338,1357,1375,1403,1432,1469,1506,1544,1590,1637,1693,1759,1824,1880,1955,2105,2292,2572
31,9,292.19015290387716,2.3146862162419928,1205,1215,1224,1233,1242,1252,1261,1270,1279,1289,1298,1307,1316,1335,1353,1372,1400,1428,1465,1502,1539,1585,1631,1687,1752,1816,1872,1946,2094,2279,2557
31,10,304.31115703168473,2.3152535654119912,1254,1263,1272,1282,1291,1300,1309,1319,1328,1337,1346,1356,1365,1383,1402,1420,1448,1476,1513,1550,1587,1633,1680,1735,1800,1865,1921,1995,2143,2328,2606
31,11,298.8525349029073,2.334700765682426,1232,1242,1251,1260,1270,1279,1288,1298,1307,1316,1326,1335,1344,1363,1382,1400,1428,1456,1494,1531,1568,1615,1662,1718,1783,1849,1905,1979,2129,2316,2596